-- phpMyAdmin SQL Dump
-- version 5.0.2
-- https://www.phpmyadmin.net/
--
-- Servidor: 127.0.0.1
-- Tiempo de generación: 05-08-2020 a las 05:40:23
-- Versión del servidor: 10.4.11-MariaDB
-- Versión de PHP: 7.4.6

SET SQL_MODE = "NO_AUTO_VALUE_ON_ZERO";
START TRANSACTION;
SET time_zone = "+00:00";


/*!40101 SET @OLD_CHARACTER_SET_CLIENT=@@CHARACTER_SET_CLIENT */;
/*!40101 SET @OLD_CHARACTER_SET_RESULTS=@@CHARACTER_SET_RESULTS */;
/*!40101 SET @OLD_COLLATION_CONNECTION=@@COLLATION_CONNECTION */;
/*!40101 SET NAMES utf8mb4 */;

--
-- Base de datos: `playme`
--

-- --------------------------------------------------------

--
-- Estructura de tabla para la tabla `albumes`
--

CREATE TABLE `albumes` (
  `alb_id` int(11) NOT NULL,
  `alb_nombre` varchar(50) DEFAULT NULL,
  `alb_foto` varchar(200) DEFAULT NULL,
  `alb_aniolanzamiento` varchar(4) DEFAULT NULL
) ENGINE=InnoDB DEFAULT CHARSET=utf8mb4;

--
-- Volcado de datos para la tabla `albumes`
--

INSERT INTO `albumes` (`alb_id`, `alb_nombre`, `alb_foto`, `alb_aniolanzamiento`) VALUES
(1, '\'74 Jailbreak', '../imagenes/Tapas/AC_DC_74jailbreak.jpg', '1984'),
(2, 'AC-DC Live', '../imagenes/Tapas/AC_DC_Live.jpg', '1992'),
(3, 'Back In Black', '../imagenes/Tapas/AC_DC_BackInBlack.jpg', '1980'),
(4, 'Ballbreaker', '../imagenes/Tapas/AC_DC_Ballbreaker.jpg', '1995'),
(5, 'Blow Up Your Video', '../imagenes/Tapas/AC_DC_BlowUpYourVideo.jpg', '1988'),
(6, 'Dirty Deeds Done Dirt Cheap', '../imagenes/Tapas/AC_DC_DirtyDeedsDoneDirtCheap.jpg', '1976'),
(7, 'Flick Of The Switch', '../imagenes/Tapas/AC_DC_FlickOfTheSwitch.jpg', '1983'),
(8, 'Fly On The Wall', '../imagenes/Tapas/AC_DC_FlyOnTheWall.jpg', '1985'),
(9, 'For Those About To Rock We Salute You', '../imagenes/Tapas/AC_DC_ForThoseAboutTheRock.jpg', '1981'),
(10, 'High Voltage', '../imagenes/Tapas/AC_DC_HighVoltage.jpg', '1976'),
(11, 'Highway To Hell', '../imagenes/Tapas/AC_DC_HighwayToHell.jpg', '1979'),
(12, 'If You Want Blood You\'ve Got It [Live]', '../imagenes/Tapas/AC_DC_IfYouWantBlood.jpg', '1978'),
(13, 'Let There Be Rock', '../imagenes/Tapas/AC_DC_LetThereBeRock.jpg', '1977'),
(14, 'Powerage', '../imagenes/Tapas/AC_DC_Powerage.jpg', '1978'),
(15, 'Stiff Upper Lip', '../imagenes/Tapas/AC_DC_StiffUperLip.jpg', '2000'),
(16, 'T.N.T', '../imagenes/Tapas/AC_DC_TNT.jpg', '1975'),
(17, 'The Razor\'s Edge', '../imagenes/Tapas/AC_DC_TheRazorsEdge.jpg', '1990'),
(18, 'Who Made Who', '../imagenes/Tapas/AC_DC_WhoMadeWho.jpg', '1986'),
(19, 'Lucille & Friends', '../imagenes/Tapas/BBKing_LucilleAndFriends.jpg', '1995'),
(20, 'Brothers In Arms', '../imagenes/Tapas/DireStraits_BrothersInArms.jpg', '1985'),
(21, 'Love Over Gold', '../imagenes/Tapas/DireStraits_LoveOverGold.jpg', '1982'),
(22, 'Money For Nothing', '../imagenes/Tapas/DireStraits_MoneyForNothing.jpg', '1988'),
(23, 'On Every Street', '../imagenes/Tapas/DireStraits_OnEveryStreet.jpg', '1991'),
(24, 'On The Night [Live]', '../imagenes/Tapas/DireStraits_OnTheNight.jpg', '1993'),
(25, 'Clapton Chronicles- The Best Of Eric Clapton', '../imagenes/Tapas/EricClapton_Chronicles.jpg', '1999'),
(26, 'The Baddest Of George Thorogood & The Destroyers', '../imagenes/Tapas/Thorogood_TheBadest.jpg', '1992'),
(27, 'A Real Live One', '../imagenes/Tapas/IronMaiden_ARealLive.jpg', '1993'),
(28, 'Can I Play With Madness-The Evil That Men Do [Sing', '../imagenes/Tapas/IronMaiden_CanIPlayWithMadness.jpg', '1990'),
(29, 'No Prayer For The Dying', '../imagenes/Tapas/IronMaiden_NoPrayerForTheDying.jpg', '1990'),
(30, 'Piece Of Mind', '../imagenes/Tapas/IronMaiden_PieceOfMind.jpg', '1983'),
(31, 'Powerslave', '../imagenes/Tapas/IronMaiden_Powerslave.jpg', '1984'),
(32, 'Running Free - Sanctuary', '../imagenes/Tapas/IronMaiden_RunningFree.jpg', '1990'),
(33, 'The Number Of The Beast', '../imagenes/Tapas/IronMaiden_TheNumberOfTheBeast.jpg', '1982'),
(34, 'The Division Bell', '../imagenes/Tapas/PinkFloyd_TheDivisionBell.jpg', '1994'),
(35, '1962-1966', '../imagenes/Tapas/TheBeatles_1962_1966.jpg', '1972'),
(36, '1967-1970', '../imagenes/Tapas/TheBeatles_1966_1970.jpg', '1972'),
(37, 'Please Please Me', '../imagenes/Tapas/TheBeatles_PleasePleaseMe.jpg', '1963'),
(38, 'Yellow Submarine', '../imagenes/Tapas/TheBeatles_YellowSubmarine.jpg', '1969'),
(39, 'Afterburner', '../imagenes/Tapas/ZZTop_Afterburner.jpg', '1985'),
(40, 'Eliminator', '../imagenes/Tapas/ZZTop_Eliminator.jpg', '1983'),
(41, 'Recycler', '../imagenes/Tapas/ZZTop_Recycler.jpg', '1990'),
(42, 'Rhythmeen', '../imagenes/Tapas/ZZTop_Rhythmeen.jpg', '1996');

-- --------------------------------------------------------

--
-- Estructura de tabla para la tabla `artistas`
--

CREATE TABLE `artistas` (
  `art_id` int(11) NOT NULL,
  `art_nombre` varchar(50) DEFAULT NULL,
  `art_foto` varchar(200) DEFAULT NULL
) ENGINE=InnoDB DEFAULT CHARSET=utf8mb4;

--
-- Volcado de datos para la tabla `artistas`
--

INSERT INTO `artistas` (`art_id`, `art_nombre`, `art_foto`) VALUES
(1, 'AC/DC', '../imagenes/Artistas/AC_DC.png'),
(2, 'BB King', '../imagenes/Artistas/BBKing.png'),
(3, 'Dire Straits', '../imagenes/Artistas/DireStraits.png'),
(4, 'Eric Clapton', '../imagenes/Artistas/EricClapton.png'),
(5, 'George Thorogood', '../imagenes/Artistas/GeorgeThorogood.png'),
(6, 'Iron Maiden', '../imagenes/Artistas/IronMaiden.png'),
(7, 'Pink Floyd', '../imagenes/Artistas/PinkFloyd.png'),
(8, 'The Beatles', '../imagenes/Artistas/TheBeatles.png'),
(9, 'ZZ Top', '../imagenes/Artistas/ZZTop.png');

-- --------------------------------------------------------

--
-- Estructura de tabla para la tabla `canciones`
--

CREATE TABLE `canciones` (
  `can_id` int(11) NOT NULL,
  `can_nombre` varchar(100) DEFAULT NULL,
  `can_url` varchar(200) DEFAULT NULL,
  `can_idgenero` int(11) DEFAULT NULL
) ENGINE=InnoDB DEFAULT CHARSET=utf8mb4;

--
-- Volcado de datos para la tabla `canciones`
--

INSERT INTO `canciones` (`can_id`, `can_nombre`, `can_url`, `can_idgenero`) VALUES
(1, '01 Jailbreak', '../Albumes/AC-DC/\'74 Jailbreak/01 Jailbreak.mp3', 1),
(2, '02 You Ain\'t Got A Hold On Me', '../Albumes/AC-DC/\'74 Jailbreak/02 You Ain\'t Got A Hold On Me.mp3', 1),
(3, '03 Show Business', '../Albumes/AC-DC/\'74 Jailbreak/03 Show Business.mp3', 1),
(4, '04 Soul Stripper', '../Albumes/AC-DC/\'74 Jailbreak/04 Soul Stripper.mp3', 1),
(5, '05 Baby, Please Don\'t Go', '../Albumes/AC-DC/\'74 Jailbreak/05 Baby, Please Don\'t Go.mp3', 1),
(6, '01 Thunderstruck [Live]', '../Albumes/AC-DC/AC-DC Live/01 Thunderstruck [Live].mp3', 1),
(7, '02 Shoot To Thrill [Live]', '../Albumes/AC-DC/AC-DC Live/02 Shoot To Thrill [Live].mp3', 1),
(8, '03 Back In Black [Live]', '../Albumes/AC-DC/AC-DC Live/03 Back In Black [Live]', 1),
(9, '04 Who Made Who [Live]', '../Albumes/AC-DC/AC-DC Live/04 Who Made Who [Live].mp3', 1),
(10, '05 Heatseeker [Live]', '../Albumes/AC-DC/AC-DC Live/05 Heatseeker [Live].mp3', 1),
(11, '06 The Jack [Live]', '../Albumes/AC-DC/AC-DC Live/06 The Jack [Live].mp3', 1),
(12, '07 Moneytalks [Live]', '../Albumes/AC-DC/AC-DC Live/07 Moneytalks [Live].mp3', 1),
(13, '08 Hells Bells [Live]', '../Albumes/AC-DC/AC-DC Live/08 Hells Bells [Live].mp3', 1),
(14, '09 Dirty Deeds Done Dirt Cheap [Live]', '../Albumes/AC-DC/AC-DC Live/09 Dirty Deeds Done Dirt Cheap [Live].mp3', 1),
(15, '10 Whole Lotta Rosie [Live]', '../Albumes/AC-DC/AC-DC Live/10 Whole Lotta Rosie [Live].mp3', 1),
(16, '11 You Shook Me All Night Long [Live]', '../Albumes/AC-DC/AC-DC Live/11 You Shook Me All Night Long [Live].mp3', 1),
(17, '12 Highway To Hell [Live]', '../Albumes/AC-DC/AC-DC Live/12 Highway To Hell [Live].mp3', 1),
(18, '13 T.N.T. [Live]', '../Albumes/AC-DC/AC-DC Live/13 T.N.T. [Live].mp3', 1),
(19, '14 For Those About To Rock (We Salute You) [Live]', '../Albumes/AC-DC/AC-DC Live/14 For Those About To Rock (We Salute You) [Live].mp3', 1),
(20, '01 Hells Bells', '../Albumes/AC-DC/Back In Black/01 Hells Bells.mp3', 1),
(21, '02 Shoot To Thrill', '../Albumes/AC-DC/Back In Black/02 Shoot To Thrill.mp3', 1),
(22, '03 What Do You Do For Money Honey', '../Albumes/AC-DC/Back In Black/03 What Do You Do For Money Honey.mp3', 1),
(23, '04 Given The Dog A Bone', '../Albumes/AC-DC/Back In Black/04 Given The Dog A Bone.mp3', 1),
(24, '05 Let Me Put My Love Into You', '../Albumes/AC-DC/Back In Black/05 Let Me Put My Love Into You.mp3', 1),
(25, '06 Back In Black', '../Albumes/AC-DC/Back In Black/06 Back In Black.mp3', 1),
(26, '07 You Shook Me All Night Long', '../Albumes/AC-DC/Back In Black/07 You Shook Me All Night Long.mp3', 1),
(27, '08 Have A Drink On Me', '../Albumes/AC-DC/Back In Black/08 Have A Drink On Me.mp3', 1),
(28, '09 Shake A Leg', '../Albumes/AC-DC/Back In Black/09 Shake A Leg.mp3', 1),
(29, '10 Rock And Roll Ain\'t Noise Pollution', '../Albumes/AC-DC/Back In Black/10 Rock And Roll Ain\'t Noise Pollution.mp3', 1),
(30, '01 Hard As A Rock', '../Albumes/AC-DC/Ballbreaker/01 Hard As A Rock.mp3', 1),
(31, '02 Cover You In Oil', '../Albumes/AC-DC/Ballbreaker/02 Cover You In Oil.mp3', 1),
(32, '03 The Furor', '../Albumes/AC-DC/Ballbreaker/03 The Furor.mp3', 1),
(33, '04 Boogie Man', '../Albumes/AC-DC/Ballbreaker/04 Boogie Man.mp3', 1),
(34, '05 Honey Roll', '../Albumes/AC-DC/Ballbreaker/05 Honey Roll.mp3', 1),
(35, '06 Burnin\' Alive', '../Albumes/AC-DC/Ballbreaker/06 Burnin\' Alive.mp3', 1),
(36, '07 Hail Caesar', '../Albumes/AC-DC/Ballbreaker/07 Hail Caesar.mp3', 1),
(37, '08 Love Bomb', '../Albumes/AC-DC/Ballbreaker/08 Love Bomb.mp3', 1),
(38, '09 Caught With Your Pants Down', '../Albumes/AC-DC/Ballbreaker/09 Caught With Your Pants Down.mp3', 1),
(39, '10 Whiskey On The Rocks', '../Albumes/AC-DC/Ballbreaker/10 Whiskey On The Rocks.mp3', 1),
(40, '11 Ball Breaker', '../Albumes/AC-DC/Ballbreaker/11 Ball Breaker.mp3', 1),
(44, '01 Heatseeker', '../Albumes/AC-DC/Blow Up Your Video/01 Heatseeker.mp3', 1),
(45, '02 That\'s The Way I Wanna Rock \'n\' Roll', '../Albumes/AC-DC/Blow Up Your Video/02 That\'s The Way I Wanna Rock \'n\' Roll.mp3', 1),
(46, '03 Meanstreak', '../Albumes/AC-DC/Blow Up Your Video/03 Meanstreak.mp3', 1),
(47, '04 Go Zone', '../Albumes/AC-DC/Blow Up Your Video/04 Go Zone.mp3', 1),
(48, '05 Kissin\' Dynamite', '../Albumes/AC-DC/Blow Up Your Video/05 Kissin\' Dynamite.mp3', 1),
(49, '06 Nick Of Time\' Dynamite', '../Albumes/AC-DC/Blow Up Your Video/06 Nick Of Time.mp3', 1),
(50, '07 Some Sin For Nuthin\'', '../Albumes/AC-DC/Blow Up Your Video/07 Some Sin For Nuthin\'.mp3', 1),
(51, '08 Ruff Stuff', '../Albumes/AC-DC/Blow Up Your Video/08 Ruff Stuff.mp3', 1),
(52, '09 Two\'s Up', '../Albumes/AC-DC/Blow Up Your Video/09 Two\'s Up.mp3', 1),
(53, '10 This Means War', '../Albumes/AC-DC/Blow Up Your Video/10 This Means War.mp3', 1),
(54, '01 Dirty Deeds Done Dirt Cheap', '../Albumes/AC-DC/Dirty Deeds Done Dirt Cheap/01 Dirty Deeds Done Dirt Cheap.mp3', 1),
(55, '02 Love At First Feel', '../Albumes/AC-DC/Dirty Deeds Done Dirt Cheap/02 Love At First Feel.mp3', 1),
(56, '03 Big Balls', '../Albumes/AC-DC/Dirty Deeds Done Dirt Cheap/03 Big Balls.mp3', 1),
(57, '04 Rocker', '../Albumes/AC-DC/Dirty Deeds Done Dirt Cheap/04 Rocker.mp3', 1),
(58, '05 Problem Child', '../Albumes/AC-DC/Dirty Deeds Done Dirt Cheap/05 Problem Child.mp3', 1),
(59, '06 There\'s Gonna Be Some Rockin\'', '../Albumes/AC-DC/Dirty Deeds Done Dirt Cheap/06 There\'s Gonna Be Some Rockin\'.mp3', 1),
(60, '07 Ain\'t No Fun (Waiting Round To Be A Millionaire', '../Albumes/AC-DC/Dirty Deeds Done Dirt Cheap/07 Ain\'t No Fun (Waiting Round To Be A Millionaire).mp3', 1),
(61, '08 Ride On', '../Albumes/AC-DC/Dirty Deeds Done Dirt Cheap/08 Ride On.mp3', 1),
(62, '09 Squealer', '../Albumes/AC-DC/Dirty Deeds Done Dirt Cheap/09 Squealer.mp3', 1),
(63, '01 Rising Power', '../Albumes/AC-DC/Flick Of The Switch/01 Rising Power.mp3', 1),
(64, '02 This House Is On Fire', '../Albumes/AC-DC/Flick Of The Switch/02 This House Is On Fire.mp3', 1),
(65, '03 Flick Of The Switch', '../Albumes/AC-DC/Flick Of The Switch/03 Flick Of The Switch.mp3', 1),
(66, '04 Nervous Shakedown', '../Albumes/AC-DC/Flick Of The Switch/04 Nervous Shakedown.mp3', 1),
(67, '05 Landslide', '../Albumes/AC-DC/Flick Of The Switch/05 Landslide.mp3', 1),
(68, '06 Guns For Hire', '../Albumes/AC-DC/Flick Of The Switch/06 Guns For Hire.mp3', 1),
(69, '07 Deep In The Hole', '../Albumes/AC-DC/Flick Of The Switch/07 Deep In The Hole.mp3', 1),
(70, '08 Bedlam In Belgium', '../Albumes/AC-DC/Flick Of The Switch/08 Bedlam In Belgium.mp3', 1),
(71, '09 Badlands', '../Albumes/AC-DC/Flick Of The Switch/09 Badlands.mp3', 1),
(72, '10 Brain Shake', '../Albumes/AC-DC/Flick Of The Switch/10 Brain Shake.mp3', 1),
(73, '01 Fly On The Wall', '../Albumes/AC-DC/Fly On The Wall/01 Fly On The Wall.mp3', 1),
(74, '02 Shake Your Foundations', '../Albumes/AC-DC/Fly On The Wall/02 Shake Your Foundations.mp3', 1),
(75, '03 First Blood', '../Albumes/AC-DC/Fly On The Wall/03 First Blood.mp3', 1),
(76, '04 Danger', '../Albumes/AC-DC/Fly On The Wall/04 Danger.mp3', 1),
(77, '05 Sink The Pink', '../Albumes/AC-DC/Fly On The Wall/05 Sink The Pink.mp3', 1),
(78, '06 Playing With Girls', '../Albumes/AC-DC/Fly On The Wall/06 Playing With Girls.mp3', 1),
(79, '07 Stand Up', '../Albumes/AC-DC/Fly On The Wall/07 Stand Up.mp3', 1),
(80, '08 Hell Or High Water', '../Albumes/AC-DC/Fly On The Wall/08 Hell Or High Water.mp3', 1),
(81, '09 Back In Business', '../Albumes/AC-DC/Fly On The Wall/09 Back In Business.mp3', 1),
(82, '10 Send For The Man', '../Albumes/AC-DC/Fly On The Wall/10 Send For The Man.mp3', 1),
(83, '01 For Those About To Rock (We Salute You)', '../Albumes/AC-DC/For Those About To Rock We Salute You/01 For Those About To Rock (We Salute You).mp3', 1),
(84, '02 Put The Finger On You', '../Albumes/AC-DC/For Those About To Rock We Salute You/02 Put The Finger On You.mp3', 1),
(85, '03 Let\'s Get It Up', '../Albumes/AC-DC/For Those About To Rock We Salute You/03 Let\'s Get It Up.mp3', 1),
(86, '04 Inject The Venom', '../Albumes/AC-DC/For Those About To Rock We Salute You/04 Inject The Venom.mp3', 1),
(87, '05 Snowballed', '../Albumes/AC-DC/For Those About To Rock We Salute You/05 Snowballed.mp3', 1),
(88, '06 Evil Walks', '../Albumes/AC-DC/For Those About To Rock We Salute You/06 Evil Walks.mp3', 1),
(89, '07 C.O.D', '../Albumes/AC-DC/For Those About To Rock We Salute You/07 C.O.D.mp3', 1),
(90, '08 Breaking The Rules', '../Albumes/AC-DC/For Those About To Rock We Salute You/08 Breaking The Rules.mp3', 1),
(91, '09 Night Of The Long Knives', '../Albumes/AC-DC/For Those About To Rock We Salute You/09 Night Of The Long Knives.mp3', 1),
(92, '10 Spellbound', '../Albumes/AC-DC/For Those About To Rock We Salute You/10 Spellbound.mp3', 1),
(93, '01 It\'s A Long Way To The Top (If You Wanna Rock \'n\' Roll)', '../Albumes/AC-DC/High Voltage/01 It\'s A Long Way To The Top (If You Wanna Rock \'n\' Roll).mp3', 1),
(94, '02 Rock \'n\' Roll Singer', '../Albumes/AC-DC/High Voltage/02 Rock \'n\' Roll Singer.mp3', 1),
(95, '03 The Jack', '../Albumes/AC-DC/High Voltage/03 The Jack.mp3', 1),
(96, '04 Live Wire', '../Albumes/AC-DC/High Voltage/04 Live Wire.mp3', 1),
(97, '05 T.N.T', '../Albumes/AC-DC/High Voltage/05 T.N.T.mp3', 1),
(98, '06 Can I Sit Next To You Girl', '../Albumes/AC-DC/High Voltage/06 Can I Sit Next To You Girl.mp3', 1),
(99, '07 Little Lover', '../Albumes/AC-DC/High Voltage/07 Little Lover.mp3', 1),
(100, '08 She\'s Got Balls', '../Albumes/AC-DC/High Voltage/08 She\'s Got Balls.mp3', 1),
(101, '09 High Voltage', '../Albumes/AC-DC/High Voltage/09 High Voltage.mp3', 1),
(102, '01 Highway To Hell', '../Albumes/AC-DC/Highway To Hell/01 Highway To Hell.mp3', 1),
(103, '02 Girls Got Rhythm', '../Albumes/AC-DC/Highway To Hell/02 Girls Got Rhythm.mp3', 1),
(104, '03 Walk All Over You', '../Albumes/AC-DC/Highway To Hell/03 Walk All Over You.mp3', 1),
(105, '04 Touch Too Much', '../Albumes/AC-DC/Highway To Hell/04 Touch Too Much.mp3', 1),
(106, '05 Beating Around The Bush', '../Albumes/AC-DC/Highway To Hell/05 Beating Around The Bush.mp3', 1),
(107, '06 Shot Down In Flames', '../Albumes/AC-DC/Highway To Hell/06 Shot Down In Flames.mp3', 1),
(108, '07 Get It Hot', '../Albumes/AC-DC/Highway To Hell/07 Get It Hot.mp3', 1),
(109, '08 If You Want Blood (You\'ve Got It)', '../Albumes/AC-DC/Highway To Hell/08 If You Want Blood (You\'ve Got It).mp3', 1),
(110, '09 Love Hungry Man', '../Albumes/AC-DC/Highway To Hell/09 Love Hungry Man.mp3', 1),
(111, '10 Night Prowler', '../Albumes/AC-DC/Highway To Hell/10 Night Prowler.mp3', 1),
(112, '01 Riff Raff', '../Albumes/AC-DC/If You Want Blood You\'ve Got It [Live]/01 Riff Raff.mp3', 1),
(113, '02 Hell Ain\'t A Bad Place To Be', '../Albumes/AC-DC/If You Want Blood You\'ve Got It [Live]/02 Hell Ain\'t A Bad Place To Be.mp3', 1),
(114, '03 Bad Boy Boogie', '../Albumes/AC-DC/If You Want Blood You\'ve Got It [Live]/03 Bad Boy Boogie.mp3', 1),
(115, '04 The Jack', '../Albumes/AC-DC/If You Want Blood You\'ve Got It [Live]/04 The Jack.mp3', 1),
(116, '05 Problem Child', '../Albumes/AC-DC/If You Want Blood You\'ve Got It [Live]/05 Problem Child.mp3', 1),
(117, '06 Whole Lotta Rosie', '../Albumes/AC-DC/If You Want Blood You\'ve Got It [Live]/06 Whole Lotta Rosie.mp3', 1),
(118, '07 Rock \'N\' Roll Damnation', '../Albumes/AC-DC/If You Want Blood You\'ve Got It [Live]/07 Rock \'N\' Roll Damnation.mp3', 1),
(119, '08 High Voltage', '../Albumes/AC-DC/If You Want Blood You\'ve Got It [Live]/08 High Voltage.mp3', 1),
(120, '09 Let There Be Rock', '../Albumes/AC-DC/If You Want Blood You\'ve Got It [Live]/09 Let There Be Rock.mp3', 1),
(121, '10 Rocker', '../Albumes/AC-DC/If You Want Blood You\'ve Got It [Live]/10 Rocker.mp3', 1),
(122, '01 Go Down', '../Albumes/AC-DC/Let There Be Rock/01 Go Down.mp3', 1),
(123, '02 Dog Eat Dog', '../Albumes/AC-DC/Let There Be Rock/02 Dog Eat Dog.mp3', 1),
(124, '03 Let There Be Rock', '../Albumes/AC-DC/Let There Be Rock/03 Let There Be Rock.mp3', 1),
(125, '04 Bad Boy Boogie', '../Albumes/AC-DC/Let There Be Rock/04 Bad Boy Boogie.mp3', 1),
(126, '05 Problem Child', '../Albumes/AC-DC/Let There Be Rock/05 Problem Child.mp3', 1),
(127, '06 Overdose', '../Albumes/AC-DC/Let There Be Rock/06 Overdose.mp3', 1),
(128, '07 Hell Ain\'t A Bad Place To Be', '../Albumes/AC-DC/Let There Be Rock/07 Hell Ain\'t A Bad Place To Be.mp3', 1),
(129, '08 Whole Lotta Rosie', '../Albumes/AC-DC/Let There Be Rock/08 Whole Lotta Rosie.mp3', 1),
(130, '01 Rock \'n\' Roll Damnation', '../Albumes/AC-DC/Powerage/01 Rock \'n\' Roll Damnation.mp3', 1),
(131, '02 Down Payment Blues', '../Albumes/AC-DC/Powerage/02 Down Payment Blues.mp3', 1),
(132, '03 Gimme A Bullet', '../Albumes/AC-DC/Powerage/03 Gimme A Bullet.mp3', 1),
(133, '04 Riff Raff', '../Albumes/AC-DC/Powerage/04 Riff Raff.mp3', 1),
(134, '05 Sin City', '../Albumes/AC-DC/Powerage/05 Sin City.mp3', 1),
(135, '06 What\'s Next To The Moon', '../Albumes/AC-DC/Powerage/06 What\'s Next To The Moon.mp3', 1),
(136, '07 Gone Shootin\'', '../Albumes/AC-DC/Powerage/07 Gone Shootin\'.mp3', 1),
(137, '08 Up To My Neck In You', '../Albumes/AC-DC/Powerage/08 Up To My Neck In You.mp3', 1),
(138, '09 Kicked In The Teeth', '../Albumes/AC-DC/Powerage/09 Kicked In The Teeth.mp3', 1),
(139, '01 Stiff Upper Lip', '../Albumes/AC-DC/Stiff Upper Lip/01 Stiff Upper Lip.mp3', 1),
(140, '02 Meltdown', '../Albumes/AC-DC/Stiff Upper Lip/02 Meltdown.mp3', 1),
(141, '03 House Of Jazz', '../Albumes/AC-DC/Stiff Upper Lip/03 House Of Jazz.mp3', 1),
(142, '04 Hold Me Back', '../Albumes/AC-DC/Stiff Upper Lip/04 Hold Me Back.mp3', 1),
(143, '05 Safe In New York City', '../Albumes/AC-DC/Stiff Upper Lip/05 Safe In New York City.mp3', 1),
(144, '06 Can\'t Stand Still', '../Albumes/AC-DC/Stiff Upper Lip/06 Can\'t Stand Still.mp3', 1),
(145, '07 Can\'t Stop Rock \'N\' Roll', '../Albumes/AC-DC/Stiff Upper Lip/07 Can\'t Stop Rock \'N\' Roll.mp3', 1),
(146, '08 Satellite Blues', '../Albumes/AC-DC/Stiff Upper Lip/08 Satellite Blues.mp3', 1),
(147, '09 Damned', '../Albumes/AC-DC/Stiff Upper Lip/09 Damned.mp3', 1),
(148, '10 Come And Get It', '../Albumes/AC-DC/Stiff Upper Lip/10 Come And Get It.mp3', 1),
(149, '11 All Screwed Up', '../Albumes/AC-DC/Stiff Upper Lip/11 All Screwed Up.mp3', 1),
(150, '12 Give It Up', '../Albumes/AC-DC/Stiff Upper Lip/12 Give It Up.mp3', 1),
(151, '01 It\'s A Long Way To The Top (If You Wanna Rock \'n\' Roll)', '../Albumes/AC-DC/T.N.T/01 It\'s A Long Way To The Top (If You Wanna Rock \'n\' Roll).mp3', 1),
(152, '02 Rock \'n\' Roll Singer', '../Albumes/AC-DC/T.N.T/02 Rock \'n\' Roll Singer.mp3', 1),
(153, '03 The Jack', '../Albumes/AC-DC/T.N.T/03 The Jack.mp3', 1),
(154, '04 Live Wire', '../Albumes/AC-DC/T.N.T/04 Live Wire.mp3', 1),
(155, '05 T.N.T', '../Albumes/AC-DC/T.N.T/05 T.N.T.mp3', 1),
(156, '06 Rocker', '../Albumes/AC-DC/T.N.T/06 Rocker.mp3', 1),
(157, '07 Can I Sit Next To You Girl-', '../Albumes/AC-DC/T.N.T/07 Can I Sit Next To You Girl-.mp3', 1),
(158, '08 High Voltage', '../Albumes/AC-DC/T.N.T/08 High Voltage.mp3', 1),
(159, '09 School Days', '../Albumes/AC-DC/T.N.T/09 School Days.mp3', 1),
(160, '01 Thunderstruck', '../Albumes/AC-DC/The Razor\'s Edge/01 Thunderstruck.mp3', 1),
(161, '02 Fire Your Guns', '../Albumes/AC-DC/The Razor\'s Edge/02 Fire Your Guns.mp3', 1),
(162, '03 Money Talks', '../Albumes/AC-DC/The Razor\'s Edge/03 Money Talks.mp3', 1),
(163, '04 The Razor\'s Edge', '../Albumes/AC-DC/The Razor\'s Edge/04 The Razor\'s Edge.mp3', 1),
(164, '05 Mistress For Christmas', '../Albumes/AC-DC/The Razor\'s Edge/05 Mistress For Christmas.mp3', 1),
(165, '06 Rock Your Heart Out', '../Albumes/AC-DC/The Razor\'s Edge/06 Rock Your Heart Out.mp3', 1),
(166, '07 Are You Ready', '../Albumes/AC-DC/The Razor\'s Edge/07 Are You Ready.mp3', 1),
(167, '08 Got You By The Balls', '../Albumes/AC-DC/The Razor\'s Edge/08 Got You By The Balls.mp3', 1),
(168, '09 Shot Of Love', '../Albumes/AC-DC/The Razor\'s Edge/09 Shot Of Love.mp3', 1),
(169, '10 Lets Make It', '../Albumes/AC-DC/The Razor\'s Edge/10 Lets Make It.mp3', 1),
(170, '11 Goodbye & Good Riddance To Bad Luck', '../Albumes/AC-DC/The Razor\'s Edge/11 Goodbye & Good Riddance To Bad Luck.mp3', 1),
(171, '12 If You Dare', '../Albumes/AC-DC/The Razor\'s Edge/12 If You Dare.mp3', 1),
(172, '01 Who Made Who', '../Albumes/AC-DC/Who Made Who/01 Who Made Who.mp3', 1),
(173, '02 You Shook Me All Night Long', '../Albumes/AC-DC/Who Made Who/02 You Shook Me All Night Long.mp3', 1),
(174, '03 D.T', '../Albumes/AC-DC/Who Made Who/03 D.T.mp3', 1),
(175, '04 Sink The Pink', '../Albumes/AC-DC/Who Made Who/04 Sink The Pink.mp3', 1),
(176, '05 Ride On', '../Albumes/AC-DC/Who Made Who/05 Ride On.mp3', 1),
(177, '06 Hells Bells', '../Albumes/AC-DC/Who Made Who/06 Hells Bells.mp3', 1),
(178, '07 Shake Your Foundations', '../Albumes/AC-DC/Who Made Who/07 Shake Your Foundations.mp3', 1),
(179, '08 Chase the Ace', '../Albumes/AC-DC/Who Made Who/08 Chase the Ace.mp3', 1),
(180, '09 For Those About To Rock (We Salute You)', '../Albumes/AC-DC/Who Made Who/09 For Those About To Rock (We Salute You).mp3', 1),
(181, '01 When Love Comes To Town', '../Albumes/B.B. King/Lucille & Friends/01 When Love Comes To Town.mp3', 3),
(182, '02 Playin\' With My Friends', '../Albumes/B.B. King/Lucille & Friends/02 Playin\' With My Friends.mp3', 3),
(183, '03 To Know You Is To Love You', '../Albumes/B.B. King/Lucille & Friends/03 To Know You Is To Love You.mp3', 3),
(184, '04 Caught A Touch Of Your Love', '../Albumes/B.B. King/Lucille & Friends/04 Caught A Touch Of Your Love.mp3', 3),
(185, '05 All You Ever Give Me Is The Blues', '../Albumes/B.B. King/Lucille & Friends/05 All You Ever Give Me Is The Blues.mp3', 3),
(186, '06 You Shook Me', '../Albumes/B.B. King/Lucille & Friends/06 You Shook Me.mp3', 3),
(187, '07 Spirit In The Dark', '../Albumes/B.B. King/Lucille & Friends/07 Spirit In The Dark.mp3', 3),
(188, '08 Can\'t Get Enough', '../Albumes/B.B. King/Lucille & Friends/08 Can\'t Get Enough.mp3', 3),
(189, '09 Since I Met You Baby', '../Albumes/B.B. King/Lucille & Friends/09 Since I Met You Baby.mp3', 3),
(190, '10 B.B.\'s Blues', '../Albumes/B.B. King/Lucille & Friends/10 B.B.\'s Blues.mp3', 3),
(191, '11 Better Not Look Down', '../Albumes/B.B. King/Lucille & Friends/11 Better Not Look Down.mp3', 3),
(192, '12 Frosty', '../Albumes/B.B. King/Lucille & Friends/12 Frosty.mp3', 3),
(193, '13 Hummingbird', '../Albumes/B.B. King/Lucille & Friends/13 Hummingbird.mp3', 3),
(194, '14 Ghetto Woman', '../Albumes/B.B. King/Lucille & Friends/14 Ghetto Woman.mp3', 3),
(195, '15 Let The Good Times Roll', '../Albumes/B.B. King/Lucille & Friends/15 Let The Good Times Roll.mp3', 3),
(196, '01 So Far Away', '../Albumes/Dire Straits/Brothers In Arms/01 So Far Away.mp3', 2),
(197, '02 Money For Nothing', '../Albumes/Dire Straits/Brothers In Arms/02 Money For Nothing.mp3', 2),
(198, '03 Walk Of Life', '../Albumes/Dire Straits/Brothers In Arms/03 Walk Of Life.mp3', 2),
(199, '04 Your Latest Trick', '../Albumes/Dire Straits/Brothers In Arms/04 Your Latest Trick.mp3', 2),
(200, '05 Why Worry', '../Albumes/Dire Straits/Brothers In Arms/05 Why Worry.mp3', 2),
(201, '06 Ride Across The River', '../Albumes/Dire Straits/Brothers In Arms/06 Ride Across The River.mp3', 2),
(202, '07 The Man\'s Too Strong', '../Albumes/Dire Straits/Brothers In Arms/07 The Man\'s Too Strong.mp3', 2),
(203, '08 One World', '../Albumes/Dire Straits/Brothers In Arms/08 One World.mp3', 2),
(204, '09 Brothers In Arms', '../Albumes/Dire Straits/Brothers In Arms/09 Brothers In Arms.mp3', 2),
(205, '01 Telegraph Road', '../Albumes/Dire Straits/Love Over Gold/01 Telegraph Road.mp3', 2),
(206, '02 Private Investigations', '../Albumes/Dire Straits/Love Over Gold/02 Private Investigations.mp3', 2),
(207, '03 Industrial Disease', '../Albumes/Dire Straits/Love Over Gold/03 Industrial Disease.mp3', 2),
(208, '04 Love Over Gold', '../Albumes/Dire Straits/Love Over Gold/04 Love Over Gold.mp3', 2),
(209, '05 It Never Rains', '../Albumes/Dire Straits/Love Over Gold/05 It Never Rains.mp3', 2),
(210, '01 Sultans Of Swing', '../Albumes/Dire Straits/Money For Nothing/01 Sultans Of Swing.mp3', 2),
(211, '02 Down To The Waterline', '../Albumes/Dire Straits/Money For Nothing/02 Down To The Waterline.mp3', 2),
(212, '03 Portobello Belle [Live]', '../Albumes/Dire Straits/Money For Nothing/03 Portobello Belle [Live].mp3', 2),
(213, '04 Twisting By The Pool', '../Albumes/Dire Straits/Money For Nothing/04 Twisting By The Pool.mp3', 2),
(214, '05 Tunnel Of Love', '../Albumes/Dire Straits/Money For Nothing/05 Tunnel Of Love.mp3', 2),
(215, '06 Romeo And Juliet', '../Albumes/Dire Straits/Money For Nothing/06 Romeo And Juliet.mp3', 2),
(216, '07 Where Do You Think You\'re Going', '../Albumes/Dire Straits/Money For Nothing/07 Where Do You Think You\'re Going.mp3', 2),
(217, '08 Walk Of Life', '../Albumes/Dire Straits/Money For Nothing/08 Walk Of Life.mp3', 2),
(218, '09 Private Investigations', '../Albumes/Dire Straits/Money For Nothing/09 Private Investigations.mp3', 2),
(219, '10 Telegraph Road (Live Remix)', '../Albumes/Dire Straits/Money For Nothing/10 Telegraph Road (Live Remix).mp3', 2),
(220, '11 Money For Nothing', '../Albumes/Dire Straits/Money For Nothing/11 Money For Nothing.mp3', 2),
(221, '12 Brothers In Arms', '../Albumes/Dire Straits/Money For Nothing/12 Brothers In Arms.mp3', 2),
(222, '01 Calling Elvis', '../Albumes/Dire Straits/On Every Street/01 Calling Elvis.mp3', 2),
(223, '02 On Every Street', '../Albumes/Dire Straits/On Every Street/02 On Every Street.mp3', 2),
(224, '03 When It Comes To You', '../Albumes/Dire Straits/On Every Street/03 When It Comes To You.mp3', 2),
(225, '04 Fade To Black', '../Albumes/Dire Straits/On Every Street/04 Fade To Black.mp3', 2),
(226, '05 The Bug', '../Albumes/Dire Straits/On Every Street/05 The Bug.mp3', 2),
(227, '06 You And Your Friend', '../Albumes/Dire Straits/On Every Street/06 You And Your Friend.mp3', 2),
(228, '07 Heavy Fuel', '../Albumes/Dire Straits/On Every Street/07 Heavy Fuel.mp3', 2),
(229, '08 Iron Hand', '../Albumes/Dire Straits/On Every Street/08 Iron Hand.mp3', 2),
(230, '09 Ticket To Heaven', '../Albumes/Dire Straits/On Every Street/09 Ticket To Heaven.mp3', 2),
(231, '10 My Parties', '../Albumes/Dire Straits/On Every Street/10 My Parties.mp3', 2),
(232, '11 Planet Of New Orleans', '../Albumes/Dire Straits/On Every Street/11 Planet Of New Orleans.mp3', 2),
(233, '12 How Long', '../Albumes/Dire Straits/On Every Street/12 How Long.mp3', 2),
(234, '01 Calling Elvis', '../Albumes/Dire Straits/On The Night [Live]/01 Calling Elvis.mp3', 2),
(235, '02 Walk Of Life', '../Albumes/Dire Straits/On The Night [Live]/02 Walk Of Life.mp3', 2),
(236, '03 Heavy Fuel', '../Albumes/Dire Straits/On The Night [Live]/03 Heavy Fuel.mp3', 2),
(237, '04 Romeo And Juliet', '../Albumes/Dire Straits/On The Night [Live]/04 Romeo And Juliet.mp3', 2),
(238, '05 Private Investigations', '../Albumes/Dire Straits/On The Night [Live]/05 Private Investigations.mp3', 2),
(239, '06 Your Latest Trick', '../Albumes/Dire Straits/On The Night [Live]/06 Your Latest Trick.mp3', 2),
(240, '07 On Every Street', '../Albumes/Dire Straits/On The Night [Live]/07 On Every Street.mp3', 2),
(241, '08 You And Your Friend', '../Albumes/Dire Straits/On The Night [Live]/08 You And Your Friend.mp3', 2),
(242, '09 Money For Nothing', '../Albumes/Dire Straits/On The Night [Live]/09 Money For Nothing.mp3', 2),
(243, '10 Brothers In Arms', '../Albumes/Dire Straits/On The Night [Live]/10 Brothers In Arms.mp3', 2),
(244, '01 Blue Eyes Blue', '../Albumes/Eric Clapton/Clapton Chronicles- The Best Of Eric Clapton/01 Blue Eyes Blue.mp3', 2),
(245, '02 Change The World', '../Albumes/Eric Clapton/Clapton Chronicles- The Best Of Eric Clapton/02 Change The World.mp3', 2),
(246, '03 My Father\'s Eyes', '../Albumes/Eric Clapton/Clapton Chronicles- The Best Of Eric Clapton/03 My Father\'s Eyes.mp3', 2),
(247, '04 Tears In Heaven', '../Albumes/Eric Clapton/Clapton Chronicles- The Best Of Eric Clapton/04 Tears In Heaven.mp3', 2),
(248, '05 Layla (Unplugged Version)', '../Albumes/Eric Clapton/Clapton Chronicles- The Best Of Eric Clapton/05 Layla (Unplugged Version).mp3', 2),
(249, '06 Pretending', '../Albumes/Eric Clapton/Clapton Chronicles- The Best Of Eric Clapton/06 Pretending.mp3', 2),
(250, '07 Bad Love', '../Albumes/Eric Clapton/Clapton Chronicles- The Best Of Eric Clapton/07 Bad Love.mp3', 2),
(251, '08 Before You Accuse Me', '../Albumes/Eric Clapton/Clapton Chronicles- The Best Of Eric Clapton/08 Before You Accuse Me.mp3', 2),
(252, '09 It\'s In The Way That You Use It', '../Albumes/Eric Clapton/Clapton Chronicles- The Best Of Eric Clapton/09 It\'s In The Way That You Use It.mp3', 2),
(253, '10 Forever Man', '../Albumes/Eric Clapton/Clapton Chronicles- The Best Of Eric Clapton/10 Forever Man.mp3', 2),
(254, '11 Running On Faith', '../Albumes/Eric Clapton/Clapton Chronicles- The Best Of Eric Clapton/11 Running On Faith.mp3', 2),
(255, '12 She\'s Waiting', '../Albumes/Eric Clapton/Clapton Chronicles- The Best Of Eric Clapton/12 She\'s Waiting.mp3', 2),
(256, '13 River Of Tears', '../Albumes/Eric Clapton/Clapton Chronicles- The Best Of Eric Clapton/13 River Of Tears.mp3', 2),
(257, '14 (I) Get Lost', '../Albumes/Eric Clapton/Clapton Chronicles- The Best Of Eric Clapton/14 (I) Get Lost.mp3', 2),
(258, '15 Wonderful Tonight [Live]', '../Albumes/Eric Clapton/Clapton Chronicles- The Best Of Eric Clapton/15 Wonderful Tonight [Live].mp3', 2),
(259, '01 Bad To The Bone', '../Albumes/George Thorogood & The Destroyers/The Baddest Of George Thorogood & The Destroyers/01 Bad To The Bone.mp3', 2),
(260, '02 Move It On Over', '../Albumes/George Thorogood & The Destroyers/The Baddest Of George Thorogood & The Destroyers/02 Move It On Over.mp3', 2),
(261, '03 I\'m A Steady Rollin\' Man', '../Albumes/George Thorogood & The Destroyers/The Baddest Of George Thorogood & The Destroyers/03 I\'m A Steady Rollin\' Man.mp3', 2),
(262, '04 You Talk Too Much', '../Albumes/George Thorogood & The Destroyers/The Baddest Of George Thorogood & The Destroyers/04 You Talk Too Much.mp3', 2),
(263, '05 Who Do You Love-', '../Albumes/George Thorogood & The Destroyers/The Baddest Of George Thorogood & The Destroyers/05 Who Do You Love-.mp3', 2),
(264, '06 Gear Jammer', '../Albumes/George Thorogood & The Destroyers/The Baddest Of George Thorogood & The Destroyers/06 Gear Jammer.mp3', 2),
(265, '07 I Drink Alone', '../Albumes/George Thorogood & The Destroyers/The Baddest Of George Thorogood & The Destroyers/07 I Drink Alone.mp3', 2),
(266, '08 One Bourbon, One Scotch, One Beer', '../Albumes/George Thorogood & The Destroyers/The Baddest Of George Thorogood & The Destroyers/08 One Bourbon, One Scotch, One Beer.mp3', 2),
(267, '09 If You Don\'t Start Drinkin\' (I\'m Gonna Leave)', '../Albumes/George Thorogood & The Destroyers/The Baddest Of George Thorogood & The Destroyers/09 If You Don\'t Start Drinkin\' (I\'m Gonna Leave).mp3', 2),
(268, '10 Treat Her Right', '../Albumes/George Thorogood & The Destroyers/The Baddest Of George Thorogood & The Destroyers/10 Treat Her Right.mp3', 2),
(269, '11 Long Gone', '../Albumes/George Thorogood & The Destroyers/The Baddest Of George Thorogood & The Destroyers/11 Long Gone.mp3', 2),
(270, '12 Louie To Frisco', '../Albumes/George Thorogood & The Destroyers/The Baddest Of George Thorogood & The Destroyers/12 Louie To Frisco.mp3', 2),
(271, '01 Be Quick Or Be Dead', '../Albumes/Iron Maiden/A Real Live One/01 Be Quick Or Be Dead.mp3', 4),
(272, '02 From Here To Eternity', '../Albumes/Iron Maiden/A Real Live One/02 From Here To Eternity.mp3', 4),
(273, '03 Can I Play With Madness', '../Albumes/Iron Maiden/A Real Live One/03 Can I Play With Madness.mp3', 4),
(274, '04 Wasting Love', '../Albumes/Iron Maiden/A Real Live One/04 Wasting Love.mp3', 4),
(275, '05 Tailgunner', '../Albumes/Iron Maiden/A Real Live One/05 Tailgunner.mp3', 4),
(276, '06 The Evil That Men Do', '../Albumes/Iron Maiden/A Real Live One/06 The Evil That Men Do.mp3', 4),
(277, '07 Afraid To Shoot Strangers', '../Albumes/Iron Maiden/A Real Live One/07 Afraid To Shoot Strangers.mp3', 4),
(278, '08 Bring Your Daughter...To The Slaughter', '../Albumes/Iron Maiden/A Real Live One/08 Bring Your Daughter...To The Slaughter.mp3', 4),
(279, '09 Heaven Can Wait', '../Albumes/Iron Maiden/A Real Live One/09 Heaven Can Wait.mp3', 4),
(280, '10 The Clairvoyant', '../Albumes/Iron Maiden/A Real Live One/10 The Clairvoyant.mp3', 4),
(281, '11 Fear Of The Dark', '../Albumes/Iron Maiden/A Real Live One/11 Fear Of The Dark.mp3', 4),
(282, '01 Can I Play With Madness', '../Albumes/Iron Maiden/Can I Play With Madness-The Evil That Men Do [Single]/01 Can I Play With Madness.mp3', 4),
(283, '02 Black Bart Blues', '../Albumes/Iron Maiden/Can I Play With Madness-The Evil That Men Do [Single]/02 Black Bart Blues.mp3', 4),
(284, '03 Massacre', '../Albumes/Iron Maiden/Can I Play With Madness-The Evil That Men Do [Single]/03 Massacre.mp3', 4),
(285, '04 The Evil That Men Do', '../Albumes/Iron Maiden/Can I Play With Madness-The Evil That Men Do [Single]/04 The Evil That Men Do.mp3', 4),
(286, '05 Prowler [\'88]', '../Albumes/Iron Maiden/Can I Play With Madness-The Evil That Men Do [Single]/05 Prowler [\'88].mp3', 4),
(287, '06 Charlotte The Harlot [\'88]', '../Albumes/Iron Maiden/Can I Play With Madness-The Evil That Men Do [Single]/06 Charlotte The Harlot [\'88].mp3', 4),
(288, '07 Listen With Nicko! Part IX', '../Albumes/Iron Maiden/Can I Play With Madness-The Evil That Men Do [Single]/07 Listen With Nicko! Part IX.mp3', 4),
(289, '01 Tailgunner', '../Albumes/Iron Maiden/No Prayer For The Dying/01 Tailgunner.mp3', 4),
(290, '02 Holy Smoke', '../Albumes/Iron Maiden/No Prayer For The Dying/02 Holy Smoke.mp3', 4),
(291, '03 No Prayer For The Dying', '../Albumes/Iron Maiden/No Prayer For The Dying/03 No Prayer For The Dying.mp3', 4),
(292, '04 Public Enema Number One', '../Albumes/Iron Maiden/No Prayer For The Dying/04 Public Enema Number One.mp3', 4),
(293, '05 Fates Warning', '../Albumes/Iron Maiden/No Prayer For The Dying/05 Fates Warning.mp3', 4),
(294, '06 The Assassin', '../Albumes/Iron Maiden/No Prayer For The Dying/06 The Assassin.mp3', 4),
(295, '07 Run Silent Run Deep', '../Albumes/Iron Maiden/No Prayer For The Dying/07 Run Silent Run Deep.mp3', 4),
(296, '08 Hooks In You', '../Albumes/Iron Maiden/No Prayer For The Dying/08 Hooks In You.mp3', 4),
(297, '09 Bring Your Daughter To The Slaughter', '../Albumes/Iron Maiden/No Prayer For The Dying/09 Bring Your Daughter To The Slaughter.mp3', 4),
(298, '10 Mother Russia', '../Albumes/Iron Maiden/No Prayer For The Dying/10 Mother Russia.mp3', 4),
(299, '01 Where Eagles Dare', '../Albumes/Iron Maiden/Piece Of Mind/01 Where Eagles Dare.mp3', 4),
(300, '02 Revelations', '../Albumes/Iron Maiden/Piece Of Mind/02 Revelations.mp3', 4),
(301, '03 Flight Of Icarus', '../Albumes/Iron Maiden/Piece Of Mind/03 Flight Of Icarus.mp3', 4),
(302, '04 Die With Your Boots On', '../Albumes/Iron Maiden/Piece Of Mind/04 Die With Your Boots On.mp3', 4),
(303, '05 The Trooper', '../Albumes/Iron Maiden/Piece Of Mind/05 The Trooper.mp3', 4),
(304, '06 Still Life', '../Albumes/Iron Maiden/Piece Of Mind/06 Still Life.mp3', 4),
(305, '07 Quest For Fire', '../Albumes/Iron Maiden/Piece Of Mind/07 Quest For Fire.mp3', 4),
(306, '08 Sun And Steel', '../Albumes/Iron Maiden/Piece Of Mind/08 Sun And Steel.mp3', 4),
(307, '09 To Tame A Land', '../Albumes/Iron Maiden/Piece Of Mind/09 To Tame A Land.mp3', 4),
(308, '01 Aces High', '../Albumes/Iron Maiden/Powerslave/01 Aces High.mp3', 4),
(309, '02 2 Minutes To Midnight', '../Albumes/Iron Maiden/Powerslave/02 2 Minutes To Midnight.mp3', 4),
(310, '03 Losfer Words (Big \'orra)', '../Albumes/Iron Maiden/Powerslave/03 Losfer Words (Big \'orra).mp3', 4),
(311, '04 Flash Of The Blade', '../Albumes/Iron Maiden/Powerslave/04 Flash Of The Blade.mp3', 4),
(312, '05 The Duellists', '../Albumes/Iron Maiden/Powerslave/05 The Duellists.mp3', 4),
(313, '06 Back In The Village', '../Albumes/Iron Maiden/Powerslave/06 Back In The Village.mp3', 4),
(314, '07 Powerslave', '../Albumes/Iron Maiden/Powerslave/07 Powerslave.mp3', 4),
(315, '08 Rime Of The Ancient Mariner', '../Albumes/Iron Maiden/Powerslave/08 Rime Of The Ancient Mariner.mp3', 4),
(316, '01 Running Free', '../Albumes/Iron Maiden/Running Free - Sanctuary/01 Running Free.mp3', 4),
(317, '02 Burning Ambition', '../Albumes/Iron Maiden/Running Free - Sanctuary/02 Burning Ambition.mp3', 4),
(318, '03 Sanctuary', '../Albumes/Iron Maiden/Running Free - Sanctuary/03 Sanctuary.mp3', 4),
(319, '04 Drifter', '../Albumes/Iron Maiden/Running Free - Sanctuary/04 Drifter.mp3', 4),
(320, '05 I\'ve Got The Fire (live 80)', '../Albumes/Iron Maiden/Running Free - Sanctuary/05 I\'ve Got The Fire (live 80).mp3', 4),
(321, '06 Listen With Nicko! Part I', '../Albumes/Iron Maiden/Running Free - Sanctuary/06 Listen With Nicko! Part I.mp3', 4),
(322, '01 Invaders', '../Albumes/Iron Maiden/The Number Of The Beast/01 Invaders.mp3', 4),
(323, '02 Children of the Damned', '../Albumes/Iron Maiden/The Number Of The Beast/02 Children of the Damned.mp3', 4),
(324, '03 The Prisioner', '../Albumes/Iron Maiden/The Number Of The Beast/03 The Prisioner.mp3', 4),
(325, '04 22 Acacia Avenue (The Continuing Saga of Charlotte the Harlot)', '../Albumes/Iron Maiden/The Number Of The Beast/04 22 Acacia Avenue (The Continuing Saga of Charlotte the Harlot).mp3', 4),
(326, '05 The Number Of The Beast', '../Albumes/Iron Maiden/The Number Of The Beast/05 The Number Of The Beast.mp3', 4),
(327, '06 Run To The Hills', '../Albumes/Iron Maiden/The Number Of The Beast/06 Run To The Hills.mp3', 4),
(328, '07 Gangland', '../Albumes/Iron Maiden/The Number Of The Beast/07 Gangland.mp3', 4),
(329, '08 Hallowed Be Thy Name', '../Albumes/Iron Maiden/The Number Of The Beast/08 Hallowed Be Thy Name.mp3', 4),
(330, '01 Cluster One', '../Albumes/Pink Floyd/The Division Bell/01 Cluster One.mp3', 2),
(331, '02 What Do You Want From Me', '../Albumes/Pink Floyd/The Division Bell/02 What Do You Want From Me.mp3', 2),
(332, '03 Poles Apart', '../Albumes/Pink Floyd/The Division Bell/03 Poles Apart.mp3', 2),
(333, '04 Marooned', '../Albumes/Pink Floyd/The Division Bell/04 Marooned.mp3', 2),
(334, '05 A Great Day For Freedom', '../Albumes/Pink Floyd/The Division Bell/05 A Great Day For Freedom.mp3', 2),
(335, '06 Wearing The Inside Out', '../Albumes/Pink Floyd/The Division Bell/06 Wearing The Inside Out.mp3', 2),
(336, '07 Take It Back', '../Albumes/Pink Floyd/The Division Bell/07 Take It Back.mp3', 2),
(337, '08 Coming Back To Life', '../Albumes/Pink Floyd/The Division Bell/08 Coming Back To Life.mp3', 2),
(338, '09 Keep Talking', '../Albumes/Pink Floyd/The Division Bell/09 Keep Talking.mp3', 2),
(339, '10 Lost For Words', '../Albumes/Pink Floyd/The Division Bell/10 Lost For Words.mp3', 2),
(340, '11 High Hopes', '../Albumes/Pink Floyd/The Division Bell/11 High Hopes.mp3', 2),
(341, '01 Love Me Do', '../Albumes/The Beatles/1962-1966/01 Love Me Do.mp3', 2),
(342, '02 Please Please Me', '../Albumes/The Beatles/1962-1966/02 Please Please Me.mp3', 2),
(343, '03 From Me To You', '../Albumes/The Beatles/1962-1966/03 From Me To You.mp3', 2),
(344, '04 Day Tripper', '../Albumes/The Beatles/1962-1966/04 Day Tripper.mp3', 2),
(345, '05 Drive My Car', '../Albumes/The Beatles/1962-1966/05 Drive My Car.mp3', 2),
(346, '06 All My Loving', '../Albumes/The Beatles/1962-1966/06 All My Loving.mp3', 2),
(347, '07 Can\'t Buy Me Love', '../Albumes/The Beatles/1962-1966/07 Can\'t Buy Me Love.mp3', 2),
(348, '08 A Hard Day\'s Night', '../Albumes/The Beatles/1962-1966/08 A Hard Day\'s Night.mp3', 2),
(349, '09 And I Love Her', '../Albumes/The Beatles/1962-1966/09 And I Love Her.mp3', 2),
(350, '10 Eight Days A Week', '../Albumes/The Beatles/1962-1966/10 Eight Days A Week.mp3', 2),
(351, '11 I Feel Fine', '../Albumes/The Beatles/1962-1966/11 I Feel Fine.mp3', 2),
(352, '12 Eleanor Rigby', '../Albumes/The Beatles/1962-1966/12 Eleanor Rigby.mp3', 2),
(353, '13 Yellow Submarine', '../Albumes/The Beatles/1962-1966/13 Yellow Submarine.mp3', 2),
(354, '14 Help!', '../Albumes/The Beatles/1962-1966/14 Help!.mp3', 2),
(355, '15 You\'ve Got To Hide Your Love Away', '../Albumes/The Beatles/1962-1966/15 You\'ve Got To Hide Your Love Away.mp3', 2),
(356, '16 We Can Work It Out', '../Albumes/The Beatles/1962-1966/16 We Can Work It Out.mp3', 2),
(357, '17 She Loves You', '../Albumes/The Beatles/1962-1966/17 She Loves You.mp3', 2),
(358, '18 I Want To Hold Your Hand', '../Albumes/The Beatles/1962-1966/18 I Want To Hold Your Hand.mp3', 2),
(359, '19 Norwegian Wood (This Bird Has Flown)', '../Albumes/The Beatles/1962-1966/19 Norwegian Wood (This Bird Has Flown).mp3', 2),
(360, '20 Nowhere Man', '../Albumes/The Beatles/1962-1966/20 Nowhere Man.mp3', 2),
(361, '21 Michelle', '../Albumes/The Beatles/1962-1966/21 Michelle.mp3', 2),
(362, '22 In My Life', '../Albumes/The Beatles/1962-1966/22 In My Life.mp3', 2),
(363, '23 Girl', '../Albumes/The Beatles/1962-1966/23 Girl.mp3', 2),
(364, '24 Paperback Writer', '../Albumes/The Beatles/1962-1966/24 Paperback Writer.mp3', 2),
(365, '25 Ticket To Ride', '../Albumes/The Beatles/1962-1966/25 Ticket To Ride.mp3', 2),
(366, '26 Yesterday', '../Albumes/The Beatles/1962-1966/26 Yesterday.mp3', 2),
(367, '01 Back In The U.S.S.R', '../Albumes/The Beatles/1967-1970/01 Back In The U.S.S.R.mp3', 2),
(368, '02 Penny Lane', '../Albumes/The Beatles/1967-1970/02 Penny Lane.mp3', 2),
(369, '03 Ob-La-Di, Ob-La-Da', '../Albumes/The Beatles/1967-1970/03 Ob-La-Di, Ob-La-Da.mp3', 2),
(370, '04 Get Back', '../Albumes/The Beatles/1967-1970/04 Get Back.mp3', 2),
(371, '05 Don\'t Let Me Down', '../Albumes/The Beatles/1967-1970/05 Don\'t Let Me Down.mp3', 2),
(372, '06 A Day In The Life', '../Albumes/The Beatles/1967-1970/06 A Day In The Life.mp3', 2),
(373, '07 All You Need Is Love', '../Albumes/The Beatles/1967-1970/07 All You Need Is Love.mp3', 2),
(374, '08 Here Comes The Sun', '../Albumes/The Beatles/1967-1970/08 Here Comes The Sun.mp3', 2),
(375, '09 Come Together', '../Albumes/The Beatles/1967-1970/09 Come Together.mp3', 2),
(376, '10 Something', '../Albumes/The Beatles/1967-1970/10 Something.mp3', 2),
(377, '11 Magical Mystery Tour', '../Albumes/The Beatles/1967-1970/11 Magical Mystery Tour.mp3', 2),
(378, '12 Lady Madonna', '../Albumes/The Beatles/1967-1970/12 Lady Madonna.mp3', 2),
(379, '13 Across The Universe', '../Albumes/The Beatles/1967-1970/13 Across The Universe.mp3', 2),
(380, '14 Revolution', '../Albumes/The Beatles/1967-1970/14 Revolution.mp3', 2),
(381, '15 Strawberry Fields Forever', '../Albumes/The Beatles/1967-1970/15 Strawberry Fields Forever.mp3', 2),
(382, '16 While My Guitar Gently Weeps', '../Albumes/The Beatles/1967-1970/16 While My Guitar Gently Weeps.mp3', 2),
(383, '18 With A Little Help From My Friends', '../Albumes/The Beatles/1967-1970/18 With A Little Help From My Friends.mp3', 2),
(384, '17 Lucy In The Sky With Diamonds', '../Albumes/The Beatles/1967-1970/17 Lucy In The Sky With Diamonds.mp3', 2),
(385, '19 The Long And Winding Road', '../Albumes/The Beatles/1967-1970/19 The Long And Winding Road.mp3', 2),
(386, '20 The Ballad Of John And Yoko', '../Albumes/The Beatles/1967-1970/20 The Ballad Of John And Yoko.mp3', 2),
(387, '21 Old Brown Shoe', '../Albumes/The Beatles/1967-1970/21 Old Brown Shoe.mp3', 2),
(388, '22 I Am The Walrus', '../Albumes/The Beatles/1967-1970/22 I Am The Walrus.mp3', 2),
(389, '23 Sgt. Pepper\'s Lonely Hearts Club Band', '../Albumes/The Beatles/1967-1970/23 Sgt. Pepper\'s Lonely Hearts Club Band.mp3', 2),
(390, '24 Hello, Goodbye', '../Albumes/The Beatles/1967-1970/24 Hello, Goodbye.mp3', 2),
(391, '25 The Fool On The Hill', '../Albumes/The Beatles/1967-1970/25 The Fool On The Hill.mp3', 2),
(392, '26 Octopus\'s Garden', '../Albumes/The Beatles/1967-1970/26 Octopus\'s Garden.mp3', 2),
(393, '27 Let It Be', '../Albumes/The Beatles/1967-1970/27 Let It Be.mp3', 2),
(394, '28 Hey Jude', '../Albumes/The Beatles/1967-1970/28 Hey Jude.mp3', 2),
(395, '01 I Saw Her Standing There', '../Albumes/The Beatles/Please Please Me/01 I Saw Her Standing There.mp3', 2),
(396, '02 Misery', '../Albumes/The Beatles/Please Please Me/02 Misery.mp3', 2),
(397, '03 Anna (Go To Him)', '../Albumes/The Beatles/Please Please Me/03 Anna (Go To Him).mp3', 2),
(398, '04 Chains', '../Albumes/The Beatles/Please Please Me/04 Chains.mp3', 2),
(399, '05 Boys', '../Albumes/The Beatles/Please Please Me/05 Boys.mp3', 2),
(400, '06 Ask Me Why', '../Albumes/The Beatles/Please Please Me/06 Ask Me Why.mp3', 2),
(401, '07 Please Please Me', '../Albumes/The Beatles/Please Please Me/07 Please Please Me.mp3', 2),
(402, '08 Love Me Do', '../Albumes/The Beatles/Please Please Me/08 Love Me Do.mp3', 2),
(403, '09 P.S. I Love You', '../Albumes/The Beatles/Please Please Me/09 P.S. I Love You.mp3', 2),
(404, '10 Baby It\'s You', '../Albumes/The Beatles/Please Please Me/10 Baby It\'s You.mp3', 2),
(405, '11 Do You Want To Know A Secret', '../Albumes/The Beatles/Please Please Me/11 Do You Want To Know A Secret.mp3', 2),
(406, '12 A Taste Of Honey', '../Albumes/The Beatles/Please Please Me/12 A Taste Of Honey.mp3', 2),
(407, '13 There\'s A Place', '../Albumes/The Beatles/Please Please Me/13 There\'s A Place.mp3', 2),
(408, '14 Twist And Shout', '../Albumes/The Beatles/Please Please Me/14 Twist And Shout.mp3', 2),
(409, '01 Yellow Submarine', '../Albumes/The Beatles/Yellow Submarine/01 Yellow Submarine.mp3', 2),
(410, '02 Only A Northern Song', '../Albumes/The Beatles/Yellow Submarine/02 Only A Northern Song.mp3', 2),
(411, '03 All Together Now', '../Albumes/The Beatles/Yellow Submarine/03 All Together Now.mp3', 2),
(412, '04 Hey Bulldog', '../Albumes/The Beatles/Yellow Submarine/04 Hey Bulldog.mp3', 2),
(413, '05 It\'s All Too Much', '../Albumes/The Beatles/Yellow Submarine/05 It\'s All Too Much.mp3', 2),
(414, '06 All You Need Is Love', '../Albumes/The Beatles/Yellow Submarine/06 All You Need Is Love.mp3', 2),
(415, '07 Pepperland', '../Albumes/The Beatles/Yellow Submarine/07 Pepperland.mp3', 2),
(416, '08 Sea Of Time', '../Albumes/The Beatles/Yellow Submarine/08 Sea Of Time.mp3', 2),
(417, '09 Sea Of Holes', '../Albumes/The Beatles/Yellow Submarine/09 Sea Of Holes.mp3', 2),
(418, '10 Sea Of Monsters', '../Albumes/The Beatles/Yellow Submarine/10 Sea Of Monsters.mp3', 2),
(419, '11 March Of The Meanies', '../Albumes/The Beatles/Yellow Submarine/11 March Of The Meanies.mp3', 2),
(420, '12 Pepperland Laid Waste', '../Albumes/The Beatles/Yellow Submarine/12 Pepperland Laid Waste.mp3', 2),
(421, '13 Yellow Submarine In Pepperland', '../Albumes/The Beatles/Yellow Submarine/13 Yellow Submarine In Pepperland.mp3', 2),
(422, '01 Sleeping Bag', '../Albumes/ZZ Top/Afterburner/01 Sleeping Bag.mp3', 2),
(423, '02 Stages', '../Albumes/ZZ Top/Afterburner/02 Stages.mp3', 2),
(424, '03 Woke Up With Wood', '../Albumes/ZZ Top/Afterburner/03 Woke Up With Wood.mp3', 2),
(425, '04 Rough Boy', '../Albumes/ZZ Top/Afterburner/04 Rough Boy.mp3', 2),
(426, '05 Can\'t Stop Rockin\'', '../Albumes/ZZ Top/Afterburner/05 Can\'t Stop Rockin\'.mp3', 2),
(427, '06 Planet Of Women', '../Albumes/ZZ Top/Afterburner/06 Planet Of Women.mp3', 2),
(428, '07 I Got The Message', '../Albumes/ZZ Top/Afterburner/07 I Got The Message.mp3', 2),
(429, '08 Velcro Fly', '../Albumes/ZZ Top/Afterburner/08 Velcro Fly.mp3', 2),
(430, '09 Dipping Low (In The Lap Of Luxury)', '../Albumes/ZZ Top/Afterburner/09 Dipping Low (In The Lap Of Luxury).mp3', 2),
(431, '10 Delirious', '../Albumes/ZZ Top/Afterburner/10 Delirious.mp3', 2),
(432, '01 Gimme All Your Lovin\'', '../Albumes/ZZ Top/Eliminator/01 Gimme All Your Lovin\'.mp3', 2),
(433, '02 Got Me Under Pressure', '../Albumes/ZZ Top/Eliminator/02 Got Me Under Pressure.mp3', 2),
(434, '03 Sharp Dressed Man', '../Albumes/ZZ Top/Eliminator/03 Sharp Dressed Man.mp3', 2),
(435, '04 I Need You Tonight', '../Albumes/ZZ Top/Eliminator/04 I Need You Tonight.mp3', 2),
(436, '05 I Got The Six', '../Albumes/ZZ Top/Eliminator/05 I Got The Six.mp3', 2),
(437, '06 Legs', '../Albumes/ZZ Top/Eliminator/06 Legs.mp3', 2),
(438, '07 Thug', '../Albumes/ZZ Top/Eliminator/07 Thug.mp3', 2),
(439, '08 TV Dinners', '../Albumes/ZZ Top/Eliminator/08 TV Dinners.mp3', 2),
(440, '09 Dirty Dog', '../Albumes/ZZ Top/Eliminator/09 Dirty Dog.mp3', 2),
(441, '10 If I Could Only Flag Her Down', '../Albumes/ZZ Top/Eliminator/10 If I Could Only Flag Her Down.mp3', 2),
(442, '11 Bad Girl', '../Albumes/ZZ Top/Eliminator/11 Bad Girl.mp3', 2),
(443, '01 Concrete And Steel', '../Albumes/ZZ Top/Recycler/01 Concrete And Steel.mp3', 2),
(444, '02 Lovething', '../Albumes/ZZ Top/Recycler/02 Lovething.mp3', 2),
(445, '03 Penthouse Eyes', '../Albumes/ZZ Top/Recycler/03 Penthouse Eyes.mp3', 2),
(446, '04 Tell It', '../Albumes/ZZ Top/Recycler/04 Tell It.mp3', 2),
(447, '05 My Head\'s In Mississippi', '../Albumes/ZZ Top/Recycler/05 My Head\'s In Mississippi.mp3', 2),
(448, '06 Decision Or Collision', '../Albumes/ZZ Top/Recycler/06 Decision Or Collision.mp3', 2),
(449, '07 Give It Up', '../Albumes/ZZ Top/Recycler/07 Give It Up.mp3', 2),
(450, '08 2000 Blues', '../Albumes/ZZ Top/Recycler/08 2000 Blues.mp3', 2),
(451, '09 Burger Man', '../Albumes/ZZ Top/Recycler/09 Burger Man.mp3', 2),
(452, '10 Doubleback', '../Albumes/ZZ Top/Recycler/10 Doubleback.mp3', 2),
(453, '01 Rhythmeen', '../Albumes/ZZ Top/Rhythmeen/01 Rhythmeen.mp3', 2),
(454, '02 Bang Bang', '../Albumes/ZZ Top/Rhythmeen/02 Bang Bang.mp3', 2),
(455, '03 Black Fly', '../Albumes/ZZ Top/Rhythmeen/03 Black Fly.mp3', 2),
(456, '04 What\'s Up With That', '../Albumes/ZZ Top/Rhythmeen/04 What\'s Up With That.mp3', 2),
(457, '05 Vincent Price Blues', '../Albumes/ZZ Top/Rhythmeen/05 Vincent Price Blues.mp3', 2),
(458, '06 Zipper Job', '../Albumes/ZZ Top/Rhythmeen/06 Zipper Job.mp3', 2),
(459, '07 Hairdresser', '../Albumes/ZZ Top/Rhythmeen/07 Hairdresser.mp3', 2),
(460, '08 She\'s Just Killing Me', '../Albumes/ZZ Top/Rhythmeen/08 She\'s Just Killing Me.mp3', 2),
(461, '09 My Mind Is Gone', '../Albumes/ZZ Top/Rhythmeen/09 My Mind Is Gone.mp3', 2),
(462, '10 Loaded', '../Albumes/ZZ Top/Rhythmeen/10 Loaded.mp3', 2),
(463, '11 Prettyhead', '../Albumes/ZZ Top/Rhythmeen/11 Prettyhead.mp3', 2),
(464, '12 Hummbucking, Part 2', '../Albumes/ZZ Top/Rhythmeen/12 Hummbucking, Part 2.mp3', 2);

-- --------------------------------------------------------

--
-- Estructura de tabla para la tabla `canciones_albumes`
--

CREATE TABLE `canciones_albumes` (
  `cal_id` int(11) NOT NULL,
  `cal_idcancion` int(11) DEFAULT NULL,
  `cal_idalbum` int(11) DEFAULT NULL
) ENGINE=InnoDB DEFAULT CHARSET=utf8mb4;

--
-- Volcado de datos para la tabla `canciones_albumes`
--

INSERT INTO `canciones_albumes` (`cal_id`, `cal_idcancion`, `cal_idalbum`) VALUES
(1, 1, 1),
(2, 2, 1),
(3, 3, 1),
(4, 4, 1),
(5, 5, 1),
(6, 6, 2),
(7, 7, 2),
(8, 8, 2),
(9, 9, 2),
(10, 10, 2),
(11, 11, 2),
(12, 12, 2),
(13, 13, 2),
(14, 14, 2),
(15, 15, 2),
(16, 16, 2),
(17, 17, 2),
(18, 18, 2),
(19, 19, 2),
(20, 20, 3),
(21, 21, 3),
(22, 22, 3),
(23, 23, 3),
(24, 24, 3),
(25, 25, 3),
(26, 27, 3),
(27, 28, 3),
(28, 29, 3),
(29, 30, 4),
(30, 31, 4),
(31, 32, 4),
(32, 33, 4),
(33, 34, 4),
(34, 35, 4),
(35, 36, 4),
(36, 37, 4),
(37, 38, 4),
(38, 39, 4),
(39, 40, 4),
(40, 26, 3),
(41, 44, 5),
(42, 45, 5),
(43, 46, 5),
(44, 47, 5),
(45, 48, 5),
(46, 49, 5),
(47, 50, 5),
(48, 51, 5),
(49, 52, 5),
(50, 53, 5),
(51, 54, 6),
(52, 55, 6),
(53, 56, 6),
(54, 57, 6),
(55, 58, 6),
(56, 59, 6),
(57, 60, 6),
(58, 61, 6),
(59, 62, 6),
(60, 63, 7),
(61, 64, 7),
(62, 65, 7),
(63, 66, 7),
(64, 67, 7),
(65, 68, 7),
(66, 69, 7),
(67, 70, 7),
(68, 71, 7),
(69, 72, 7),
(70, 73, 8),
(71, 74, 8),
(72, 75, 8),
(73, 76, 8),
(74, 77, 8),
(75, 78, 8),
(76, 79, 8),
(77, 80, 8),
(78, 81, 8),
(79, 82, 8),
(80, 83, 9),
(81, 84, 9),
(82, 85, 9),
(83, 86, 9),
(84, 87, 9),
(85, 88, 9),
(86, 89, 9),
(87, 90, 9),
(88, 91, 9),
(89, 92, 9),
(90, 93, 10),
(91, 94, 10),
(92, 95, 10),
(93, 96, 10),
(94, 97, 10),
(95, 98, 10),
(96, 99, 10),
(97, 100, 10),
(98, 101, 10),
(99, 102, 11),
(100, 103, 11),
(101, 104, 11),
(102, 105, 11),
(103, 106, 11),
(104, 107, 11),
(105, 108, 11),
(106, 109, 11),
(107, 110, 11),
(108, 111, 11),
(109, 112, 12),
(110, 113, 12),
(111, 114, 12),
(112, 115, 12),
(113, 116, 12),
(114, 117, 12),
(115, 118, 12),
(116, 119, 12),
(117, 120, 12),
(118, 121, 12),
(119, 122, 13),
(120, 123, 13),
(121, 124, 13),
(122, 125, 13),
(123, 126, 13),
(124, 127, 13),
(125, 128, 13),
(126, 129, 13),
(127, 130, 14),
(128, 131, 14),
(129, 132, 14),
(130, 133, 14),
(131, 134, 14),
(132, 135, 14),
(133, 136, 14),
(134, 137, 14),
(135, 138, 14),
(136, 139, 15),
(137, 140, 15),
(138, 141, 15),
(139, 142, 15),
(140, 143, 15),
(141, 144, 15),
(142, 145, 15),
(143, 146, 15),
(144, 147, 15),
(145, 148, 15),
(146, 149, 15),
(147, 150, 15),
(148, 151, 16),
(149, 152, 16),
(150, 153, 16),
(151, 154, 16),
(152, 155, 16),
(153, 156, 16),
(154, 157, 16),
(155, 158, 16),
(156, 159, 16),
(157, 160, 17),
(158, 161, 17),
(159, 162, 17),
(160, 163, 17),
(161, 164, 17),
(162, 165, 17),
(163, 166, 17),
(164, 167, 17),
(165, 168, 17),
(166, 169, 17),
(167, 170, 17),
(168, 171, 17),
(169, 172, 18),
(170, 173, 18),
(171, 174, 18),
(172, 175, 18),
(173, 176, 18),
(174, 177, 18),
(175, 178, 18),
(176, 179, 18),
(177, 180, 18),
(178, 181, 19),
(179, 182, 19),
(180, 183, 19),
(181, 184, 19),
(182, 185, 19),
(183, 186, 19),
(184, 187, 19),
(185, 188, 19),
(186, 189, 19),
(187, 190, 19),
(188, 191, 19),
(189, 192, 19),
(190, 193, 19),
(191, 194, 19),
(192, 195, 19),
(193, 196, 20),
(194, 197, 20),
(195, 198, 20),
(196, 199, 20),
(197, 200, 20),
(198, 201, 20),
(199, 202, 20),
(200, 203, 20),
(201, 204, 20),
(202, 205, 21),
(203, 206, 21),
(204, 207, 21),
(205, 208, 21),
(206, 209, 21),
(207, 210, 22),
(208, 211, 22),
(209, 212, 22),
(210, 213, 22),
(211, 214, 22),
(212, 215, 22),
(213, 216, 22),
(214, 217, 22),
(215, 218, 22),
(216, 219, 22),
(217, 220, 22),
(218, 221, 22),
(219, 222, 23),
(220, 223, 23),
(221, 224, 23),
(222, 225, 23),
(223, 226, 23),
(224, 227, 23),
(225, 228, 23),
(226, 229, 23),
(227, 230, 23),
(228, 231, 23),
(229, 232, 23),
(230, 233, 23),
(231, 234, 24),
(232, 235, 24),
(233, 236, 24),
(234, 237, 24),
(235, 238, 24),
(236, 239, 24),
(237, 240, 24),
(238, 241, 24),
(239, 242, 24),
(240, 243, 24),
(242, 244, 25),
(243, 245, 25),
(244, 246, 25),
(245, 247, 25),
(246, 248, 25),
(247, 249, 25),
(248, 250, 25),
(249, 251, 25),
(250, 252, 25),
(251, 253, 25),
(252, 254, 25),
(253, 255, 25),
(254, 256, 25),
(255, 257, 25),
(256, 258, 25),
(257, 259, 26),
(258, 260, 26),
(259, 261, 26),
(260, 262, 26),
(261, 263, 26),
(262, 264, 26),
(263, 265, 26),
(264, 266, 26),
(265, 267, 26),
(266, 268, 26),
(267, 269, 26),
(268, 270, 26),
(269, 271, 27),
(270, 272, 27),
(271, 273, 27),
(272, 274, 27),
(273, 275, 27),
(274, 276, 27),
(275, 277, 27),
(276, 278, 27),
(277, 279, 27),
(278, 280, 27),
(279, 281, 27),
(280, 282, 28),
(281, 283, 28),
(282, 284, 28),
(283, 285, 28),
(284, 286, 28),
(285, 287, 28),
(286, 288, 28),
(287, 289, 29),
(288, 290, 29),
(289, 291, 29),
(290, 292, 29),
(291, 293, 29),
(292, 294, 29),
(293, 295, 29),
(294, 296, 29),
(295, 297, 29),
(296, 298, 29),
(297, 299, 30),
(298, 300, 30),
(299, 301, 30),
(300, 302, 30),
(301, 303, 30),
(302, 304, 30),
(303, 305, 30),
(304, 306, 30),
(305, 307, 30),
(306, 308, 31),
(307, 309, 31),
(308, 310, 31),
(309, 311, 31),
(310, 312, 31),
(311, 313, 31),
(312, 314, 31),
(313, 315, 31),
(314, 316, 32),
(315, 317, 32),
(316, 318, 32),
(317, 319, 32),
(318, 320, 32),
(319, 321, 32),
(320, 322, 33),
(321, 323, 33),
(322, 324, 33),
(323, 325, 33),
(324, 326, 33),
(325, 327, 33),
(326, 328, 33),
(327, 329, 33),
(328, 330, 34),
(329, 331, 34),
(330, 332, 34),
(331, 333, 34),
(332, 334, 34),
(333, 335, 34),
(334, 336, 34),
(335, 337, 34),
(336, 338, 34),
(337, 339, 34),
(338, 340, 34),
(339, 341, 35),
(340, 342, 35),
(341, 343, 35),
(342, 344, 35),
(343, 345, 35),
(344, 346, 35),
(345, 347, 35),
(346, 348, 35),
(347, 349, 35),
(348, 350, 35),
(349, 351, 35),
(350, 352, 35),
(351, 353, 35),
(352, 354, 35),
(353, 355, 35),
(354, 356, 35),
(355, 357, 35),
(356, 358, 35),
(357, 359, 35),
(358, 360, 35),
(359, 361, 35),
(360, 362, 35),
(361, 363, 35),
(362, 364, 35),
(363, 365, 35),
(364, 366, 35),
(365, 367, 36),
(366, 368, 36),
(367, 369, 36),
(368, 370, 36),
(369, 371, 36),
(370, 372, 36),
(371, 373, 36),
(372, 374, 36),
(373, 375, 36),
(374, 376, 36),
(375, 377, 36),
(376, 378, 36),
(377, 379, 36),
(378, 380, 36),
(379, 381, 36),
(380, 382, 36),
(381, 383, 36),
(382, 384, 36),
(383, 385, 36),
(384, 386, 36),
(385, 387, 36),
(386, 388, 36),
(387, 389, 36),
(388, 390, 36),
(389, 391, 36),
(390, 392, 36),
(391, 393, 36),
(392, 394, 36),
(393, 395, 37),
(394, 396, 37),
(395, 397, 37),
(396, 399, 37),
(397, 398, 37),
(398, 400, 37),
(399, 401, 37),
(400, 402, 37),
(401, 403, 37),
(402, 404, 37),
(403, 405, 37),
(404, 406, 37),
(405, 407, 37),
(406, 408, 37),
(407, 409, 38),
(408, 410, 38),
(409, 411, 38),
(410, 412, 38),
(411, 413, 38),
(412, 414, 38),
(413, 415, 38),
(414, 416, 38),
(415, 417, 38),
(416, 418, 38),
(417, 419, 38),
(418, 420, 38),
(419, 421, 38),
(420, 422, 39),
(421, 423, 39),
(422, 424, 39),
(423, 425, 39),
(424, 426, 39),
(425, 427, 39),
(426, 428, 39),
(427, 429, 39),
(428, 430, 39),
(429, 431, 39),
(430, 432, 40),
(431, 433, 40),
(432, 434, 40),
(433, 435, 40),
(434, 436, 40),
(435, 437, 40),
(436, 438, 40),
(437, 439, 40),
(438, 440, 40),
(439, 441, 40),
(440, 442, 40),
(441, 443, 41),
(442, 444, 41),
(443, 445, 41),
(444, 446, 41),
(445, 447, 41),
(446, 448, 41),
(447, 449, 41),
(448, 450, 41),
(449, 451, 41),
(450, 452, 41),
(451, 453, 42),
(452, 454, 42),
(453, 455, 42),
(454, 456, 42),
(455, 457, 42),
(456, 458, 42),
(457, 459, 42),
(458, 460, 42),
(459, 461, 42),
(460, 462, 42),
(461, 463, 42),
(462, 464, 42);

-- --------------------------------------------------------

--
-- Estructura de tabla para la tabla `canciones_artistas`
--

CREATE TABLE `canciones_artistas` (
  `car_id` int(11) NOT NULL,
  `car_idcancion` int(11) DEFAULT NULL,
  `car_idartista` int(11) DEFAULT NULL
) ENGINE=InnoDB DEFAULT CHARSET=utf8mb4;

--
-- Volcado de datos para la tabla `canciones_artistas`
--

INSERT INTO `canciones_artistas` (`car_id`, `car_idcancion`, `car_idartista`) VALUES
(1, 1, 1),
(2, 2, 1),
(3, 3, 1),
(4, 4, 1),
(5, 5, 1),
(6, 6, 1),
(7, 7, 1),
(8, 8, 1),
(9, 9, 1),
(10, 10, 1),
(11, 11, 1),
(12, 12, 1),
(13, 13, 1),
(14, 14, 1),
(15, 15, 1),
(16, 16, 1),
(17, 17, 1),
(18, 18, 1),
(19, 19, 1),
(20, 20, 1),
(21, 21, 1),
(22, 22, 1),
(23, 23, 1),
(24, 24, 1),
(25, 25, 1),
(26, 26, 1),
(27, 27, 1),
(28, 28, 1),
(29, 29, 1),
(30, 30, 1),
(31, 31, 1),
(32, 32, 1),
(33, 33, 1),
(34, 34, 1),
(35, 35, 1),
(36, 36, 1),
(37, 37, 1),
(38, 38, 1),
(39, 39, 1),
(40, 40, 1),
(42, 44, 1),
(43, 45, 1),
(44, 46, 1),
(45, 47, 1),
(46, 48, 1),
(47, 49, 1),
(48, 50, 1),
(49, 51, 1),
(50, 52, 1),
(51, 53, 1),
(52, 54, 1),
(53, 55, 1),
(54, 56, 1),
(55, 57, 1),
(56, 58, 1),
(57, 59, 1),
(58, 60, 1),
(59, 61, 1),
(60, 62, 1),
(61, 63, 1),
(62, 64, 1),
(63, 65, 1),
(64, 66, 1),
(65, 67, 1),
(66, 68, 1),
(67, 69, 1),
(68, 70, 1),
(69, 71, 1),
(70, 72, 1),
(71, 73, 1),
(72, 74, 1),
(73, 75, 1),
(74, 76, 1),
(75, 77, 1),
(76, 78, 1),
(77, 79, 1),
(78, 80, 1),
(79, 81, 1),
(80, 82, 1),
(81, 83, 1),
(82, 84, 1),
(83, 85, 1),
(84, 86, 1),
(85, 87, 1),
(86, 88, 1),
(87, 89, 1),
(88, 90, 1),
(89, 91, 1),
(90, 92, 1),
(91, 93, 1),
(92, 94, 1),
(93, 95, 1),
(94, 96, 1),
(95, 97, 1),
(96, 98, 1),
(97, 99, 1),
(98, 100, 1),
(99, 101, 1),
(100, 102, 1),
(101, 103, 1),
(102, 104, 1),
(103, 105, 1),
(104, 106, 1),
(105, 107, 1),
(106, 108, 1),
(107, 109, 1),
(108, 110, 1),
(109, 111, 1),
(110, 112, 1),
(111, 113, 1),
(112, 114, 1),
(113, 115, 1),
(114, 116, 1),
(115, 117, 1),
(116, 118, 1),
(117, 119, 1),
(118, 120, 1),
(119, 121, 1),
(120, 122, 1),
(121, 123, 1),
(122, 124, 1),
(123, 125, 1),
(124, 126, 1),
(125, 127, 1),
(126, 128, 1),
(127, 129, 1),
(128, 130, 1),
(129, 131, 1),
(130, 132, 1),
(131, 133, 1),
(132, 134, 1),
(133, 135, 1),
(134, 136, 1),
(135, 137, 1),
(136, 138, 1),
(137, 139, 1),
(138, 140, 1),
(139, 141, 1),
(140, 142, 1),
(141, 143, 1),
(142, 144, 1),
(143, 145, 1),
(144, 146, 1),
(145, 147, 1),
(146, 148, 1),
(147, 149, 1),
(148, 150, 1),
(149, 151, 1),
(150, 152, 1),
(151, 153, 1),
(152, 154, 1),
(153, 155, 1),
(154, 156, 1),
(155, 157, 1),
(156, 158, 1),
(157, 159, 1),
(158, 160, 1),
(159, 161, 1),
(160, 162, 1),
(161, 163, 1),
(162, 164, 1),
(163, 165, 1),
(164, 166, 1),
(165, 167, 1),
(166, 168, 1),
(167, 169, 1),
(168, 170, 1),
(169, 171, 1),
(170, 172, 1),
(171, 173, 1),
(172, 174, 1),
(173, 175, 1),
(174, 176, 1),
(175, 177, 1),
(176, 178, 1),
(177, 179, 1),
(178, 180, 1),
(179, 181, 2),
(180, 182, 2),
(181, 183, 2),
(182, 184, 2),
(183, 185, 2),
(184, 186, 2),
(185, 187, 2),
(186, 188, 2),
(187, 189, 2),
(188, 190, 2),
(189, 191, 2),
(190, 192, 2),
(191, 193, 2),
(192, 194, 2),
(193, 195, 2),
(194, 196, 3),
(195, 197, 3),
(196, 198, 3),
(197, 199, 3),
(198, 200, 3),
(199, 201, 3),
(200, 202, 3),
(201, 203, 3),
(202, 204, 3),
(203, 205, 3),
(204, 206, 3),
(205, 207, 3),
(206, 208, 3),
(207, 209, 3),
(209, 211, 3),
(210, 212, 3),
(211, 213, 3),
(212, 214, 3),
(213, 215, 3),
(214, 216, 3),
(215, 217, 3),
(216, 218, 3),
(217, 219, 3),
(218, 210, 3),
(219, 220, 3),
(220, 221, 3),
(221, 222, 3),
(222, 223, 3),
(223, 224, 3),
(224, 225, 3),
(225, 226, 3),
(226, 227, 3),
(227, 228, 3),
(228, 229, 3),
(229, 230, 3),
(230, 231, 3),
(231, 232, 3),
(232, 233, 3),
(233, 234, 3),
(234, 235, 3),
(235, 236, 3),
(236, 237, 3),
(237, 238, 3),
(238, 239, 3),
(239, 240, 3),
(240, 241, 3),
(241, 242, 3),
(242, 243, 3),
(243, 244, 4),
(244, 245, 4),
(245, 246, 4),
(246, 247, 4),
(247, 248, 4),
(248, 249, 4),
(249, 250, 4),
(250, 251, 4),
(251, 252, 4),
(252, 253, 4),
(253, 254, 4),
(254, 255, 4),
(255, 256, 4),
(256, 257, 4),
(257, 258, 4),
(258, 259, 5),
(259, 260, 5),
(260, 261, 5),
(261, 262, 5),
(262, 263, 5),
(263, 264, 5),
(264, 265, 5),
(265, 266, 5),
(266, 267, 5),
(267, 268, 5),
(268, 269, 5),
(269, 270, 5),
(270, 271, 6),
(271, 272, 6),
(272, 273, 6),
(273, 274, 6),
(274, 275, 6),
(275, 276, 6),
(276, 277, 6),
(277, 278, 6),
(278, 279, 6),
(279, 280, 6),
(280, 281, 6),
(281, 282, 6),
(282, 283, 6),
(283, 284, 6),
(284, 285, 6),
(285, 286, 6),
(286, 287, 6),
(287, 288, 6),
(288, 289, 6),
(289, 290, 6),
(290, 291, 6),
(291, 292, 6),
(292, 293, 6),
(293, 294, 6),
(294, 295, 6),
(295, 296, 6),
(296, 297, 6),
(297, 298, 6),
(298, 299, 6),
(299, 300, 6),
(300, 301, 6),
(301, 302, 6),
(302, 303, 6),
(303, 304, 6),
(304, 305, 6),
(305, 306, 6),
(306, 307, 6),
(307, 308, 6),
(308, 309, 6),
(309, 310, 6),
(310, 311, 6),
(311, 312, 6),
(312, 313, 6),
(313, 314, 6),
(314, 315, 6),
(315, 316, 6),
(316, 317, 6),
(317, 318, 6),
(318, 319, 6),
(319, 320, 6),
(320, 321, 6),
(321, 322, 6),
(322, 323, 6),
(323, 324, 6),
(324, 325, 6),
(325, 326, 6),
(326, 327, 6),
(327, 328, 6),
(328, 329, 6),
(329, 330, 7),
(330, 331, 7),
(331, 332, 7),
(332, 333, 7),
(333, 334, 7),
(334, 335, 7),
(335, 336, 7),
(336, 337, 7),
(337, 338, 7),
(338, 339, 7),
(339, 340, 7),
(340, 341, 8),
(341, 342, 8),
(342, 343, 8),
(343, 344, 8),
(344, 345, 8),
(345, 346, 8),
(346, 347, 8),
(347, 348, 8),
(348, 349, 8),
(349, 350, 8),
(350, 351, 8),
(351, 352, 8),
(352, 353, 8),
(353, 354, 8),
(354, 355, 8),
(355, 356, 8),
(356, 357, 8),
(357, 358, 8),
(358, 359, 8),
(359, 360, 8),
(360, 361, 8),
(361, 362, 8),
(362, 363, 8),
(363, 364, 8),
(364, 365, 8),
(365, 366, 8),
(366, 367, 8),
(367, 368, 8),
(368, 369, 8),
(369, 370, 8),
(370, 371, 8),
(371, 372, 8),
(372, 373, 8),
(373, 374, 8),
(374, 375, 8),
(375, 376, 8),
(376, 377, 8),
(377, 378, 8),
(378, 379, 8),
(379, 380, 8),
(380, 381, 8),
(381, 382, 8),
(382, 383, 8),
(383, 384, 8),
(384, 385, 8),
(385, 386, 8),
(386, 387, 8),
(387, 388, 8),
(388, 389, 8),
(389, 390, 8),
(390, 391, 8),
(391, 392, 8),
(392, 393, 8),
(393, 394, 8),
(394, 395, 8),
(395, 396, 8),
(396, 397, 8),
(397, 398, 8),
(398, 399, 8),
(399, 400, 8),
(400, 401, 8),
(401, 402, 8),
(402, 403, 8),
(403, 404, 8),
(404, 405, 8),
(405, 406, 8),
(406, 407, 8),
(407, 408, 8),
(408, 409, 8),
(409, 410, 8),
(410, 411, 8),
(411, 412, 8),
(412, 413, 8),
(413, 414, 8),
(414, 415, 8),
(415, 416, 8),
(416, 417, 8),
(417, 418, 8),
(418, 419, 8),
(419, 420, 8),
(420, 421, 8),
(421, 422, 9),
(422, 423, 9),
(423, 424, 9),
(424, 425, 9),
(425, 426, 9),
(426, 427, 9),
(427, 428, 9),
(428, 429, 9),
(429, 430, 9),
(430, 431, 9),
(431, 432, 9),
(432, 433, 9),
(433, 434, 9),
(434, 435, 9),
(435, 436, 9),
(436, 437, 9),
(437, 438, 9),
(438, 439, 9),
(439, 440, 9),
(440, 441, 9),
(441, 442, 9),
(442, 443, 9),
(443, 444, 9),
(444, 445, 9),
(445, 446, 9),
(446, 447, 9),
(447, 448, 9),
(448, 449, 9),
(449, 450, 9),
(450, 451, 9),
(451, 452, 9),
(452, 453, 9),
(453, 454, 9),
(454, 455, 9),
(455, 456, 9),
(456, 457, 9),
(457, 458, 9),
(458, 459, 9),
(459, 460, 9),
(460, 461, 9),
(461, 462, 9),
(462, 463, 9),
(463, 464, 9);

-- --------------------------------------------------------

--
-- Estructura de tabla para la tabla `favoritas`
--

CREATE TABLE `favoritas` (
  `fav_id` int(11) NOT NULL,
  `fav_idusuario` int(11) DEFAULT NULL,
  `fav_idcancion` int(11) DEFAULT NULL
) ENGINE=InnoDB DEFAULT CHARSET=utf8mb4;

--
-- Volcado de datos para la tabla `favoritas`
--

INSERT INTO `favoritas` (`fav_id`, `fav_idusuario`, `fav_idcancion`) VALUES
(8, 15, 44),
(9, 15, 23),
(10, 15, 36),
(11, 15, 71),
(12, 15, 74),
(13, 15, 81),
(14, 15, 325),
(15, 15, 220),
(16, 15, 434),
(17, 15, 269),
(18, 15, 450),
(19, 15, 423),
(20, 15, 425),
(21, 15, 426),
(23, 15, 139),
(24, 24, 139),
(25, 24, 44);

-- --------------------------------------------------------

--
-- Estructura de tabla para la tabla `generos`
--

CREATE TABLE `generos` (
  `gen_id` int(11) NOT NULL,
  `gen_nombre` varchar(30) DEFAULT '',
  `gen_imagen` varchar(200) DEFAULT NULL
) ENGINE=InnoDB DEFAULT CHARSET=utf8mb4;

--
-- Volcado de datos para la tabla `generos`
--

INSERT INTO `generos` (`gen_id`, `gen_nombre`, `gen_imagen`) VALUES
(1, 'HardRock', '../imagenes/Tapas/BestOfHardRock.png'),
(2, 'Rock', '../imagenes/Tapas/BestOfRock.png'),
(3, 'Blues', '../imagenes/Tapas/BestOfBlues.png'),
(4, 'HeavyMetal', '../imagenes/Tapas/BestOfMetal.png');

-- --------------------------------------------------------

--
-- Estructura de tabla para la tabla `respuestas`
--

CREATE TABLE `respuestas` (
  `res_id` int(11) NOT NULL,
  `res_idpregunta` tinyint(4) DEFAULT NULL,
  `res_texto` varchar(50) DEFAULT NULL,
  `res_idusuario` int(11) DEFAULT NULL
) ENGINE=InnoDB DEFAULT CHARSET=utf8mb4;

--
-- Volcado de datos para la tabla `respuestas`
--

INSERT INTO `respuestas` (`res_id`, `res_idpregunta`, `res_texto`, `res_idusuario`) VALUES
(44, 1, 'Pizza', 15),
(45, 2, 'Pimy', 15),
(46, 3, 'AC/DC', 15),
(47, 1, 'Pizza', 16),
(48, 2, 'Py', 16),
(49, 6, 'Ramirez', 16),
(50, 1, 'Torta', 17),
(51, 3, 'Led Zeppelin', 17),
(52, 6, 'Nogoyá', 17),
(53, 1, 'Pizza', 18),
(54, 2, 'Tita', 18),
(55, 3, 'Los Palmeras', 18),
(56, 2, 'Tiny', 19),
(57, 3, 'Pipo pescador', 19),
(58, 4, 'La venganza de los pitufos 2', 19),
(59, 1, 'a', 20),
(60, 2, 'b', 20),
(61, 3, 'c', 20),
(62, 1, 'a', 21),
(63, 2, 'sdas', 21),
(64, 3, 'asdfs', 21),
(65, 1, 'a', 22),
(66, 2, 'a', 22),
(67, 3, 'a', 22),
(68, 1, 'a', 23),
(69, 2, 'b', 23),
(70, 3, 'c', 23),
(71, 1, 'a', 24),
(72, 2, 'a', 24),
(73, 3, 'a', 24),
(74, 1, 'a', 25),
(75, 2, 'a', 25),
(76, 3, 'a', 25),
(77, 1, 'a', 26),
(78, 2, 'a', 26),
(79, 3, 'a', 26),
(80, 1, 'a', 27),
(81, 2, 'a', 27),
(82, 3, 'a', 27),
(83, 1, 'a', 28),
(84, 2, 'a', 28),
(85, 3, 'a', 28),
(86, 1, 'a', 29),
(87, 2, 'a', 29),
(88, 3, 'a', 29),
(89, 1, 'a', 30),
(90, 2, 'a', 30),
(91, 3, 'a', 30);

-- --------------------------------------------------------

--
-- Estructura de tabla para la tabla `usuarios`
--

CREATE TABLE `usuarios` (
  `usu_id` int(11) NOT NULL,
  `usu_usuario` varchar(30) DEFAULT '',
  `usu_contrasenia` varchar(40) DEFAULT ''
) ENGINE=InnoDB DEFAULT CHARSET=utf8mb4;

--
-- Volcado de datos para la tabla `usuarios`
--

INSERT INTO `usuarios` (`usu_id`, `usu_usuario`, `usu_contrasenia`) VALUES
(15, 'Hugo', 'aaaaaaA1'),
(16, 'Lala', 'bbbbbbB1'),
(17, 'Roberto', 'aaaaaaA1'),
(18, 'Paola', 'aaaaaaA1'),
(19, 'Ruben', 'eeeeeeE1'),
(20, 'Nino', 'aaaaaaA1'),
(21, 'Leo3', 'aaaaaaA1'),
(22, 'Leo', 'aaaaaaA1'),
(23, 'Pablo', 'aaaaaaA1'),
(24, 'a', 'aaaaaaA1'),
(25, 'b', 'aaaaaaA1'),
(26, 'c', 'aaaaaaA1'),
(27, 'd', 'aaaaaaA1'),
(28, 'e', 'aaaaaaA1'),
(29, 'f', 'aaaaaaA1'),
(30, 'g', 'aaaaaaA1');

--
-- Índices para tablas volcadas
--

--
-- Indices de la tabla `albumes`
--
ALTER TABLE `albumes`
  ADD PRIMARY KEY (`alb_id`);

--
-- Indices de la tabla `artistas`
--
ALTER TABLE `artistas`
  ADD PRIMARY KEY (`art_id`);

--
-- Indices de la tabla `canciones`
--
ALTER TABLE `canciones`
  ADD PRIMARY KEY (`can_id`),
  ADD KEY `can_idgenero` (`can_idgenero`);

--
-- Indices de la tabla `canciones_albumes`
--
ALTER TABLE `canciones_albumes`
  ADD PRIMARY KEY (`cal_id`),
  ADD KEY `cal_idcancion` (`cal_idcancion`),
  ADD KEY `cal_idalbum` (`cal_idalbum`);

--
-- Indices de la tabla `canciones_artistas`
--
ALTER TABLE `canciones_artistas`
  ADD PRIMARY KEY (`car_id`),
  ADD KEY `car_idcancion` (`car_idcancion`),
  ADD KEY `car_idartista` (`car_idartista`);

--
-- Indices de la tabla `favoritas`
--
ALTER TABLE `favoritas`
  ADD PRIMARY KEY (`fav_id`),
  ADD KEY `fav_idusuario` (`fav_idusuario`),
  ADD KEY `fav_idcancion` (`fav_idcancion`);

--
-- Indices de la tabla `generos`
--
ALTER TABLE `generos`
  ADD PRIMARY KEY (`gen_id`);

--
-- Indices de la tabla `respuestas`
--
ALTER TABLE `respuestas`
  ADD PRIMARY KEY (`res_id`),
  ADD KEY `res_idusuario` (`res_idusuario`);

--
-- Indices de la tabla `usuarios`
--
ALTER TABLE `usuarios`
  ADD PRIMARY KEY (`usu_id`);

--
-- AUTO_INCREMENT de las tablas volcadas
--

--
-- AUTO_INCREMENT de la tabla `albumes`
--
ALTER TABLE `albumes`
  MODIFY `alb_id` int(11) NOT NULL AUTO_INCREMENT, AUTO_INCREMENT=43;

--
-- AUTO_INCREMENT de la tabla `artistas`
--
ALTER TABLE `artistas`
  MODIFY `art_id` int(11) NOT NULL AUTO_INCREMENT, AUTO_INCREMENT=10;

--
-- AUTO_INCREMENT de la tabla `canciones`
--
ALTER TABLE `canciones`
  MODIFY `can_id` int(11) NOT NULL AUTO_INCREMENT, AUTO_INCREMENT=465;

--
-- AUTO_INCREMENT de la tabla `canciones_albumes`
--
ALTER TABLE `canciones_albumes`
  MODIFY `cal_id` int(11) NOT NULL AUTO_INCREMENT, AUTO_INCREMENT=463;

--
-- AUTO_INCREMENT de la tabla `canciones_artistas`
--
ALTER TABLE `canciones_artistas`
  MODIFY `car_id` int(11) NOT NULL AUTO_INCREMENT, AUTO_INCREMENT=464;

--
-- AUTO_INCREMENT de la tabla `favoritas`
--
ALTER TABLE `favoritas`
  MODIFY `fav_id` int(11) NOT NULL AUTO_INCREMENT, AUTO_INCREMENT=26;

--
-- AUTO_INCREMENT de la tabla `generos`
--
ALTER TABLE `generos`
  MODIFY `gen_id` int(11) NOT NULL AUTO_INCREMENT, AUTO_INCREMENT=5;

--
-- AUTO_INCREMENT de la tabla `respuestas`
--
ALTER TABLE `respuestas`
  MODIFY `res_id` int(11) NOT NULL AUTO_INCREMENT, AUTO_INCREMENT=92;

--
-- AUTO_INCREMENT de la tabla `usuarios`
--
ALTER TABLE `usuarios`
  MODIFY `usu_id` int(11) NOT NULL AUTO_INCREMENT, AUTO_INCREMENT=31;

--
-- Restricciones para tablas volcadas
--

--
-- Filtros para la tabla `canciones`
--
ALTER TABLE `canciones`
  ADD CONSTRAINT `canciones_ibfk_1` FOREIGN KEY (`can_idgenero`) REFERENCES `generos` (`gen_id`);

--
-- Filtros para la tabla `canciones_albumes`
--
ALTER TABLE `canciones_albumes`
  ADD CONSTRAINT `canciones_albumes_ibfk_1` FOREIGN KEY (`cal_idcancion`) REFERENCES `canciones` (`can_id`),
  ADD CONSTRAINT `canciones_albumes_ibfk_2` FOREIGN KEY (`cal_idalbum`) REFERENCES `albumes` (`alb_id`);

--
-- Filtros para la tabla `canciones_artistas`
--
ALTER TABLE `canciones_artistas`
  ADD CONSTRAINT `canciones_artistas_ibfk_1` FOREIGN KEY (`car_idcancion`) REFERENCES `canciones` (`can_id`),
  ADD CONSTRAINT `canciones_artistas_ibfk_2` FOREIGN KEY (`car_idartista`) REFERENCES `artistas` (`art_id`);

--
-- Filtros para la tabla `favoritas`
--
ALTER TABLE `favoritas`
  ADD CONSTRAINT `favoritas_ibfk_1` FOREIGN KEY (`fav_idusuario`) REFERENCES `usuarios` (`usu_id`),
  ADD CONSTRAINT `favoritas_ibfk_2` FOREIGN KEY (`fav_idcancion`) REFERENCES `canciones` (`can_id`) ON DELETE CASCADE ON UPDATE CASCADE;

--
-- Filtros para la tabla `respuestas`
--
ALTER TABLE `respuestas`
  ADD CONSTRAINT `respuestas_ibfk_1` FOREIGN KEY (`res_idusuario`) REFERENCES `usuarios` (`usu_id`) ON DELETE CASCADE ON UPDATE CASCADE;
COMMIT;

/*!40101 SET CHARACTER_SET_CLIENT=@OLD_CHARACTER_SET_CLIENT */;
/*!40101 SET CHARACTER_SET_RESULTS=@OLD_CHARACTER_SET_RESULTS */;
/*!40101 SET COLLATION_CONNECTION=@OLD_COLLATION_CONNECTION */;
